2026-05-19T00:00:02.516+05:30  INFO 16004 --- [regulatory-change-management-backend] [restartedMain] com.internship.tool.ToolApplication      : Starting ToolApplication using Java 17.0.19 with PID 16004 (D:\pranathi\projects\campus pe\regulatory-change-management\backend\target\classes started by Pranathi_Doddamani in D:\pranathi\projects\campus pe\regulatory-change-management\backend)
2026-05-19T00:00:02.541+05:30  INFO 16004 --- [regulatory-change-management-backend] [restartedMain] com.internship.tool.ToolApplication      : No active profile set, falling back to 1 default profile: "default"
2026-05-19T00:00:02.690+05:30  INFO 16004 --- [regulatory-change-management-backend] [restartedMain] .e.DevToolsPropertyDefaultsPostProcessor : Devtools property defaults active! Set 'spring.devtools.add-properties' to 'false' to disable
2026-05-19T00:00:02.712+05:30  INFO 16004 --- [regulatory-change-management-backend] [restartedMain] .e.DevToolsPropertyDefaultsPostProcessor : For additional web related logging consider setting the 'logging.level.web' property to 'DEBUG'
2026-05-19T00:00:06.871+05:30  INFO 16004 --- [regulatory-change-management-backend] [restartedMain] .s.d.r.c.RepositoryConfigurationDelegate : Bootstrapping Spring Data JPA repositories in DEFAULT mode.
2026-05-19T00:00:07.036+05:30  INFO 16004 --- [regulatory-change-management-backend] [restartedMain] .s.d.r.c.RepositoryConfigurationDelegate : Finished Spring Data repository scanning in 149 ms. Found 3 JPA repository interfaces.
2026-05-19T00:00:09.288+05:30  INFO 16004 --- [regulatory-change-management-backend] [restartedMain] o.s.b.w.embedded.tomcat.TomcatWebServer  : Tomcat initialized with port 8081 (http)
2026-05-19T00:00:09.326+05:30  INFO 16004 --- [regulatory-change-management-backend] [restartedMain] o.apache.catalina.core.StandardService   : Starting service [Tomcat]
2026-05-19T00:00:09.326+05:30  INFO 16004 --- [regulatory-change-management-backend] [restartedMain] o.apache.catalina.core.StandardEngine    : Starting Servlet engine: [Apache Tomcat/10.1.20]
2026-05-19T00:00:09.511+05:30  INFO 16004 --- [regulatory-change-management-backend] [restartedMain] o.a.c.c.C.[Tomcat].[localhost].[/]       : Initializing Spring embedded WebApplicationContext
2026-05-19T00:00:09.514+05:30  INFO 16004 --- [regulatory-change-management-backend] [restartedMain] w.s.c.ServletWebServerApplicationContext : Root WebApplicationContext: initialization completed in 6786 ms
2026-05-19T00:00:10.202+05:30  INFO 16004 --- [regulatory-change-management-backend] [restartedMain] com.zaxxer.hikari.HikariDataSource       : HikariPool-1 - Starting...
2026-05-19T00:00:10.684+05:30  INFO 16004 --- [regulatory-change-management-backend] [restartedMain] com.zaxxer.hikari.pool.HikariPool        : HikariPool-1 - Added connection org.postgresql.jdbc.PgConnection@531d7cdf
2026-05-19T00:00:10.684+05:30  INFO 16004 --- [regulatory-change-management-backend] [restartedMain] com.zaxxer.hikari.HikariDataSource       : HikariPool-1 - Start completed.
2026-05-19T00:00:10.955+05:30  INFO 16004 --- [regulatory-change-management-backend] [restartedMain] o.f.c.internal.license.VersionPrinter    : Flyway Community Edition 9.22.3 by Redgate
2026-05-19T00:00:10.955+05:30  INFO 16004 --- [regulatory-change-management-backend] [restartedMain] o.f.c.internal.license.VersionPrinter    : See release notes here: https://rd.gt/416ObMi
2026-05-19T00:00:10.955+05:30  INFO 16004 --- [regulatory-change-management-backend] [restartedMain] o.f.c.internal.license.VersionPrinter    : 
2026-05-19T00:00:11.019+05:30  INFO 16004 --- [regulatory-change-management-backend] [restartedMain] org.flywaydb.core.FlywayExecutor         : Database: jdbc:postgresql://localhost:5432/regulatory_change_management (PostgreSQL 18.3)
2026-05-19T00:00:11.043+05:30  WARN 16004 --- [regulatory-change-management-backend] [restartedMain] o.f.c.internal.database.base.Database    : Flyway upgrade recommended: PostgreSQL 18.3 is newer than this version of Flyway and support has not been tested. The latest supported version of PostgreSQL is 15.
2026-05-19T00:00:11.388+05:30  INFO 16004 --- [regulatory-change-management-backend] [restartedMain] o.f.core.internal.command.DbValidate     : Successfully validated 4 migrations (execution time 00:00.304s)
2026-05-19T00:00:11.408+05:30  INFO 16004 --- [regulatory-change-management-backend] [restartedMain] o.f.core.internal.command.DbMigrate      : Current version of schema "public": 4
2026-05-19T00:00:11.424+05:30  INFO 16004 --- [regulatory-change-management-backend] [restartedMain] o.f.core.internal.command.DbMigrate      : Schema "public" is up to date. No migration necessary.
2026-05-19T00:00:11.654+05:30  INFO 16004 --- [regulatory-change-management-backend] [restartedMain] o.hibernate.jpa.internal.util.LogHelper  : HHH000204: Processing PersistenceUnitInfo [name: default]
2026-05-19T00:00:11.811+05:30  INFO 16004 --- [regulatory-change-management-backend] [restartedMain] org.hibernate.Version                    : HHH000412: Hibernate ORM core version 6.4.4.Final
2026-05-19T00:00:11.892+05:30  INFO 16004 --- [regulatory-change-management-backend] [restartedMain] o.h.c.internal.RegionFactoryInitiator    : HHH000026: Second-level cache disabled
2026-05-19T00:00:12.713+05:30  INFO 16004 --- [regulatory-change-management-backend] [restartedMain] o.s.o.j.p.SpringPersistenceUnitInfo      : No LoadTimeWeaver setup: ignoring JPA class transformer
2026-05-19T00:00:12.891+05:30  WARN 16004 --- [regulatory-change-management-backend] [restartedMain] org.hibernate.orm.deprecation            : HHH90000025: PostgreSQLDialect does not need to be specified explicitly using 'hibernate.dialect' (remove the property setting and it will be selected by default)
2026-05-19T00:00:15.301+05:30  INFO 16004 --- [regulatory-change-management-backend] [restartedMain] o.h.e.t.j.p.i.JtaPlatformInitiator       : HHH000489: No JTA platform available (set 'hibernate.transaction.jta.platform' to enable JTA platform integration)
2026-05-19T00:00:15.317+05:30  INFO 16004 --- [regulatory-change-management-backend] [restartedMain] j.LocalContainerEntityManagerFactoryBean : Initialized JPA EntityManagerFactory for persistence unit 'default'
2026-05-19T00:00:16.288+05:30  INFO 16004 --- [regulatory-change-management-backend] [restartedMain] o.s.d.j.r.query.QueryEnhancerFactory     : Hibernate is in classpath; If applicable, HQL parser will be used.
2026-05-19T00:00:18.934+05:30  INFO 16004 --- [regulatory-change-management-backend] [restartedMain] o.s.b.a.e.web.EndpointLinksResolver      : Exposing 2 endpoint(s) beneath base path '/actuator'
2026-05-19T00:00:19.093+05:30  INFO 16004 --- [regulatory-change-management-backend] [restartedMain] o.s.s.web.DefaultSecurityFilterChain     : Will secure any request with [org.springframework.security.web.session.DisableEncodeUrlFilter@33a532a6, org.springframework.security.web.context.request.async.WebAsyncManagerIntegrationFilter@5e9b59ab, org.springframework.security.web.context.SecurityContextHolderFilter@51671f2a, org.springframework.security.web.header.HeaderWriterFilter@31082dc5, org.springframework.web.filter.CorsFilter@24761d7c, org.springframework.security.web.authentication.logout.LogoutFilter@788a2a9b, com.internship.tool.config.JwtAuthFilter@6bcfce1c, org.springframework.security.web.savedrequest.RequestCacheAwareFilter@749300f7, org.springframework.security.web.servletapi.SecurityContextHolderAwareRequestFilter@72570732, org.springframework.security.web.authentication.AnonymousAuthenticationFilter@57bce859, org.springframework.security.web.session.SessionManagementFilter@7fb90dd4, org.springframework.security.web.access.ExceptionTranslationFilter@b09060f, org.springframework.security.web.access.intercept.AuthorizationFilter@123413b9]
2026-05-19T00:00:19.451+05:30  WARN 16004 --- [regulatory-change-management-backend] [restartedMain] ion$DefaultTemplateResolverConfiguration : Cannot find template location: classpath:/templates/ (please add some templates, check your Thymeleaf configuration, or set spring.thymeleaf.check-template-location=false)
2026-05-19T00:00:20.249+05:30  INFO 16004 --- [regulatory-change-management-backend] [restartedMain] o.s.b.d.a.OptionalLiveReloadServer       : LiveReload server is running on port 35729
2026-05-19T00:00:20.445+05:30  INFO 16004 --- [regulatory-change-management-backend] [restartedMain] o.s.b.w.embedded.tomcat.TomcatWebServer  : Tomcat started on port 8081 (http) with context path ''
2026-05-19T00:00:20.531+05:30  INFO 16004 --- [regulatory-change-management-backend] [restartedMain] com.internship.tool.ToolApplication      : Started ToolApplication in 18.63 seconds (process running for 19.291)
2026-05-19T00:00:30.040+05:30  INFO 16004 --- [regulatory-change-management-backend] [scheduling-1] c.i.t.scheduler.NotificationScheduler    : Running advance deadline alert job...
2026-05-19T00:00:30.138+05:30  INFO 16004 --- [regulatory-change-management-backend] [scheduling-1] c.i.t.scheduler.NotificationScheduler    : Finished processing 0 upcoming items.
2026-05-19T00:00:30.138+05:30  INFO 16004 --- [regulatory-change-management-backend] [scheduling-1] c.i.t.scheduler.NotificationScheduler    : Running daily overdue reminder job...
2026-05-19T00:00:30.147+05:30  INFO 16004 --- [regulatory-change-management-backend] [scheduling-1] c.i.t.scheduler.NotificationScheduler    : Finished processing 0 overdue items.
2026-05-19T00:00:40.006+05:30  INFO 16004 --- [regulatory-change-management-backend] [scheduling-1] c.i.t.scheduler.NotificationScheduler    : Running daily overdue reminder job...
2026-05-19T00:00:40.012+05:30  INFO 16004 --- [regulatory-change-management-backend] [scheduling-1] c.i.t.scheduler.NotificationScheduler    : Finished processing 0 overdue items.
2026-05-19T00:00:40.012+05:30  INFO 16004 --- [regulatory-change-management-backend] [scheduling-1] c.i.t.scheduler.NotificationScheduler    : Running advance deadline alert job...
2026-05-19T00:00:40.017+05:30  INFO 16004 --- [regulatory-change-management-backend] [scheduling-1] c.i.t.scheduler.NotificationScheduler    : Finished processing 0 upcoming items.
2026-05-19T00:00:50.002+05:30  INFO 16004 --- [regulatory-change-management-backend] [scheduling-1] c.i.t.scheduler.NotificationScheduler    : Running daily overdue reminder job...
2026-05-19T00:00:50.002+05:30  INFO 16004 --- [regulatory-change-management-backend] [scheduling-1] c.i.t.scheduler.NotificationScheduler    : Finished processing 0 overdue items.
2026-05-19T00:00:50.002+05:30  INFO 16004 --- [regulatory-change-management-backend] [scheduling-1] c.i.t.scheduler.NotificationScheduler    : Running advance deadline alert job...
2026-05-19T00:00:50.002+05:30  INFO 16004 --- [regulatory-change-management-backend] [scheduling-1] c.i.t.scheduler.NotificationScheduler    : Finished processing 0 upcoming items.
2026-05-19T00:01:00.008+05:30  INFO 16004 --- [regulatory-change-management-backend] [scheduling-1] c.i.t.scheduler.NotificationScheduler    : Running daily overdue reminder job...
2026-05-19T00:01:00.015+05:30  INFO 16004 --- [regulatory-change-management-backend] [scheduling-1] c.i.t.scheduler.NotificationScheduler    : Finished processing 0 overdue items.
2026-05-19T00:01:00.015+05:30  INFO 16004 --- [regulatory-change-management-backend] [scheduling-1] c.i.t.scheduler.NotificationScheduler    : Running advance deadline alert job...
2026-05-19T00:01:00.029+05:30  INFO 16004 --- [regulatory-change-management-backend] [scheduling-1] c.i.t.scheduler.NotificationScheduler    : Finished processing 0 upcoming items.
2026-05-19T00:01:10.020+05:30  INFO 16004 --- [regulatory-change-management-backend] [scheduling-1] c.i.t.scheduler.NotificationScheduler    : Running advance deadline alert job...
2026-05-19T00:01:10.020+05:30  INFO 16004 --- [regulatory-change-management-backend] [scheduling-1] c.i.t.scheduler.NotificationScheduler    : Finished processing 0 upcoming items.
2026-05-19T00:01:10.020+05:30  INFO 16004 --- [regulatory-change-management-backend] [scheduling-1] c.i.t.scheduler.NotificationScheduler    : Running daily overdue reminder job...
2026-05-19T00:01:10.020+05:30  INFO 16004 --- [regulatory-change-management-backend] [scheduling-1] c.i.t.scheduler.NotificationScheduler    : Finished processing 0 overdue items.
2026-05-19T00:01:20.014+05:30  INFO 16004 --- [regulatory-change-management-backend] [scheduling-1] c.i.t.scheduler.NotificationScheduler    : Running advance deadline alert job...
2026-05-19T00:01:20.024+05:30  INFO 16004 --- [regulatory-change-management-backend] [scheduling-1] c.i.t.scheduler.NotificationScheduler    : Finished processing 0 upcoming items.
2026-05-19T00:01:20.026+05:30  INFO 16004 --- [regulatory-change-management-backend] [scheduling-1] c.i.t.scheduler.NotificationScheduler    : Running daily overdue reminder job...
2026-05-19T00:01:20.032+05:30  INFO 16004 --- [regulatory-change-management-backend] [scheduling-1] c.i.t.scheduler.NotificationScheduler    : Finished processing 0 overdue items.
2026-05-19T00:01:30.005+05:30  INFO 16004 --- [regulatory-change-management-backend] [scheduling-1] c.i.t.scheduler.NotificationScheduler    : Running advance deadline alert job...
2026-05-19T00:01:30.015+05:30  INFO 16004 --- [regulatory-change-management-backend] [scheduling-1] c.i.t.scheduler.NotificationScheduler    : Finished processing 0 upcoming items.
2026-05-19T00:01:30.015+05:30  INFO 16004 --- [regulatory-change-management-backend] [scheduling-1] c.i.t.scheduler.NotificationScheduler    : Running daily overdue reminder job...
2026-05-19T00:01:30.021+05:30  INFO 16004 --- [regulatory-change-management-backend] [scheduling-1] c.i.t.scheduler.NotificationScheduler    : Finished processing 0 overdue items.
2026-05-19T00:01:40.005+05:30  INFO 16004 --- [regulatory-change-management-backend] [scheduling-1] c.i.t.scheduler.NotificationScheduler    : Running advance deadline alert job...
2026-05-19T00:01:40.007+05:30  INFO 16004 --- [regulatory-change-management-backend] [scheduling-1] c.i.t.scheduler.NotificationScheduler    : Finished processing 0 upcoming items.
2026-05-19T00:01:40.007+05:30  INFO 16004 --- [regulatory-change-management-backend] [scheduling-1] c.i.t.scheduler.NotificationScheduler    : Running daily overdue reminder job...
2026-05-19T00:01:40.016+05:30  INFO 16004 --- [regulatory-change-management-backend] [scheduling-1] c.i.t.scheduler.NotificationScheduler    : Finished processing 0 overdue items.
2026-05-19T00:01:50.020+05:30  INFO 16004 --- [regulatory-change-management-backend] [scheduling-1] c.i.t.scheduler.NotificationScheduler    : Running daily overdue reminder job...
2026-05-19T00:01:50.020+05:30  INFO 16004 --- [regulatory-change-management-backend] [scheduling-1] c.i.t.scheduler.NotificationScheduler    : Finished processing 0 overdue items.
2026-05-19T00:01:50.020+05:30  INFO 16004 --- [regulatory-change-management-backend] [scheduling-1] c.i.t.scheduler.NotificationScheduler    : Running advance deadline alert job...
2026-05-19T00:01:50.020+05:30  INFO 16004 --- [regulatory-change-management-backend] [scheduling-1] c.i.t.scheduler.NotificationScheduler    : Finished processing 0 upcoming items.
2026-05-19T00:02:00.023+05:30  INFO 16004 --- [regulatory-change-management-backend] [scheduling-1] c.i.t.scheduler.NotificationScheduler    : Running daily overdue reminder job...
2026-05-19T00:02:00.032+05:30  INFO 16004 --- [regulatory-change-management-backend] [scheduling-1] c.i.t.scheduler.NotificationScheduler    : Finished processing 0 overdue items.
2026-05-19T00:02:00.034+05:30  INFO 16004 --- [regulatory-change-management-backend] [scheduling-1] c.i.t.scheduler.NotificationScheduler    : Running advance deadline alert job...
2026-05-19T00:02:00.040+05:30  INFO 16004 --- [regulatory-change-management-backend] [scheduling-1] c.i.t.scheduler.NotificationScheduler    : Finished processing 0 upcoming items.
2026-05-19T00:02:10.012+05:30  INFO 16004 --- [regulatory-change-management-backend] [scheduling-1] c.i.t.scheduler.NotificationScheduler    : Running daily overdue reminder job...
2026-05-19T00:02:10.012+05:30  INFO 16004 --- [regulatory-change-management-backend] [scheduling-1] c.i.t.scheduler.NotificationScheduler    : Finished processing 0 overdue items.
2026-05-19T00:02:10.012+05:30  INFO 16004 --- [regulatory-change-management-backend] [scheduling-1] c.i.t.scheduler.NotificationScheduler    : Running advance deadline alert job...
2026-05-19T00:02:10.012+05:30  INFO 16004 --- [regulatory-change-management-backend] [scheduling-1] c.i.t.scheduler.NotificationScheduler    : Finished processing 0 upcoming items.
2026-05-19T00:02:13.522+05:30  INFO 16004 --- [regulatory-change-management-backend] [http-nio-8081-exec-1] o.a.c.c.C.[Tomcat].[localhost].[/]       : Initializing Spring DispatcherServlet 'dispatcherServlet'
2026-05-19T00:02:13.522+05:30  INFO 16004 --- [regulatory-change-management-backend] [http-nio-8081-exec-1] o.s.web.servlet.DispatcherServlet        : Initializing Servlet 'dispatcherServlet'
2026-05-19T00:02:13.522+05:30  INFO 16004 --- [regulatory-change-management-backend] [http-nio-8081-exec-1] o.s.web.servlet.DispatcherServlet        : Completed initialization in 0 ms
2026-05-19T00:02:20.008+05:30  INFO 16004 --- [regulatory-change-management-backend] [scheduling-1] c.i.t.scheduler.NotificationScheduler    : Running daily overdue reminder job...
2026-05-19T00:02:20.021+05:30  INFO 16004 --- [regulatory-change-management-backend] [scheduling-1] c.i.t.scheduler.NotificationScheduler    : Finished processing 0 overdue items.
2026-05-19T00:02:20.023+05:30  INFO 16004 --- [regulatory-change-management-backend] [scheduling-1] c.i.t.scheduler.NotificationScheduler    : Running advance deadline alert job...
2026-05-19T00:02:20.028+05:30  INFO 16004 --- [regulatory-change-management-backend] [scheduling-1] c.i.t.scheduler.NotificationScheduler    : Finished processing 0 upcoming items.
2026-05-19T00:02:30.013+05:30  INFO 16004 --- [regulatory-change-management-backend] [scheduling-1] c.i.t.scheduler.NotificationScheduler    : Running daily overdue reminder job...
2026-05-19T00:02:30.019+05:30  INFO 16004 --- [regulatory-change-management-backend] [scheduling-1] c.i.t.scheduler.NotificationScheduler    : Finished processing 0 overdue items.
2026-05-19T00:02:30.019+05:30  INFO 16004 --- [regulatory-change-management-backend] [scheduling-1] c.i.t.scheduler.NotificationScheduler    : Running advance deadline alert job...
2026-05-19T00:02:30.032+05:30  INFO 16004 --- [regulatory-change-management-backend] [scheduling-1] c.i.t.scheduler.NotificationScheduler    : Finished processing 0 upcoming items.
2026-05-19T00:02:32.376+05:30  INFO 16004 --- [regulatory-change-management-backend] [http-nio-8081-exec-5] com.internship.tool.audit.AuditAspect    : Audit log saved: CREATE on RegulatoryChange ID: 36
2026-05-19T00:02:32.376+05:30  INFO 16004 --- [regulatory-change-management-backend] [http-nio-8081-exec-2] com.internship.tool.audit.AuditAspect    : Audit log saved: CREATE on RegulatoryChange ID: 33
2026-05-19T00:02:32.376+05:30  INFO 16004 --- [regulatory-change-management-backend] [http-nio-8081-exec-3] com.internship.tool.audit.AuditAspect    : Audit log saved: CREATE on RegulatoryChange ID: 34
2026-05-19T00:02:32.376+05:30  INFO 16004 --- [regulatory-change-management-backend] [http-nio-8081-exec-1] com.internship.tool.audit.AuditAspect    : Audit log saved: CREATE on RegulatoryChange ID: 37
2026-05-19T00:02:32.377+05:30  INFO 16004 --- [regulatory-change-management-backend] [http-nio-8081-exec-6] com.internship.tool.audit.AuditAspect    : Audit log saved: CREATE on RegulatoryChange ID: 35
2026-05-19T00:02:40.001+05:30  INFO 16004 --- [regulatory-change-management-backend] [scheduling-1] c.i.t.scheduler.NotificationScheduler    : Running advance deadline alert job...
2026-05-19T00:02:40.001+05:30  INFO 16004 --- [regulatory-change-management-backend] [scheduling-1] c.i.t.scheduler.NotificationScheduler    : Finished processing 0 upcoming items.
2026-05-19T00:02:40.001+05:30  INFO 16004 --- [regulatory-change-management-backend] [scheduling-1] c.i.t.scheduler.NotificationScheduler    : Running daily overdue reminder job...
2026-05-19T00:02:40.001+05:30  INFO 16004 --- [regulatory-change-management-backend] [scheduling-1] c.i.t.scheduler.NotificationScheduler    : Finished processing 0 overdue items.
2026-05-19T00:02:50.010+05:30  INFO 16004 --- [regulatory-change-management-backend] [scheduling-1] c.i.t.scheduler.NotificationScheduler    : Running advance deadline alert job...
2026-05-19T00:02:50.010+05:30  INFO 16004 --- [regulatory-change-management-backend] [scheduling-1] c.i.t.scheduler.NotificationScheduler    : Finished processing 0 upcoming items.
2026-05-19T00:02:50.010+05:30  INFO 16004 --- [regulatory-change-management-backend] [scheduling-1] c.i.t.scheduler.NotificationScheduler    : Running daily overdue reminder job...
2026-05-19T00:02:50.010+05:30  INFO 16004 --- [regulatory-change-management-backend] [scheduling-1] c.i.t.scheduler.NotificationScheduler    : Finished processing 0 overdue items.
2026-05-19T00:03:00.013+05:30  INFO 16004 --- [regulatory-change-management-backend] [scheduling-1] c.i.t.scheduler.NotificationScheduler    : Running advance deadline alert job...
2026-05-19T00:03:00.016+05:30  INFO 16004 --- [regulatory-change-management-backend] [scheduling-1] c.i.t.scheduler.NotificationScheduler    : Finished processing 0 upcoming items.
2026-05-19T00:03:00.016+05:30  INFO 16004 --- [regulatory-change-management-backend] [scheduling-1] c.i.t.scheduler.NotificationScheduler    : Running daily overdue reminder job...
2026-05-19T00:03:00.022+05:30  INFO 16004 --- [regulatory-change-management-backend] [scheduling-1] c.i.t.scheduler.NotificationScheduler    : Finished processing 0 overdue items.
2026-05-19T00:03:10.005+05:30  INFO 16004 --- [regulatory-change-management-backend] [scheduling-1] c.i.t.scheduler.NotificationScheduler    : Running daily overdue reminder job...
2026-05-19T00:03:10.005+05:30  INFO 16004 --- [regulatory-change-management-backend] [scheduling-1] c.i.t.scheduler.NotificationScheduler    : Finished processing 0 overdue items.
2026-05-19T00:03:10.005+05:30  INFO 16004 --- [regulatory-change-management-backend] [scheduling-1] c.i.t.scheduler.NotificationScheduler    : Running advance deadline alert job...
2026-05-19T00:03:10.005+05:30  INFO 16004 --- [regulatory-change-management-backend] [scheduling-1] c.i.t.scheduler.NotificationScheduler    : Finished processing 0 upcoming items.
2026-05-19T00:03:20.008+05:30  INFO 16004 --- [regulatory-change-management-backend] [scheduling-1] c.i.t.scheduler.NotificationScheduler    : Running daily overdue reminder job...
2026-05-19T00:03:20.012+05:30  INFO 16004 --- [regulatory-change-management-backend] [scheduling-1] c.i.t.scheduler.NotificationScheduler    : Finished processing 0 overdue items.
2026-05-19T00:03:20.018+05:30  INFO 16004 --- [regulatory-change-management-backend] [scheduling-1] c.i.t.scheduler.NotificationScheduler    : Running advance deadline alert job...
2026-05-19T00:03:20.028+05:30  INFO 16004 --- [regulatory-change-management-backend] [scheduling-1] c.i.t.scheduler.NotificationScheduler    : Finished processing 0 upcoming items.
2026-05-19T00:03:30.012+05:30  INFO 16004 --- [regulatory-change-management-backend] [scheduling-1] c.i.t.scheduler.NotificationScheduler    : Running daily overdue reminder job...
2026-05-19T00:03:30.020+05:30  INFO 16004 --- [regulatory-change-management-backend] [scheduling-1] c.i.t.scheduler.NotificationScheduler    : Finished processing 0 overdue items.
2026-05-19T00:03:30.020+05:30  INFO 16004 --- [regulatory-change-management-backend] [scheduling-1] c.i.t.scheduler.NotificationScheduler    : Running advance deadline alert job...
2026-05-19T00:03:30.026+05:30  INFO 16004 --- [regulatory-change-management-backend] [scheduling-1] c.i.t.scheduler.NotificationScheduler    : Finished processing 0 upcoming items.
2026-05-19T00:03:40.004+05:30  INFO 16004 --- [regulatory-change-management-backend] [scheduling-1] c.i.t.scheduler.NotificationScheduler    : Running advance deadline alert job...
2026-05-19T00:03:40.004+05:30  INFO 16004 --- [regulatory-change-management-backend] [scheduling-1] c.i.t.scheduler.NotificationScheduler    : Finished processing 0 upcoming items.
2026-05-19T00:03:40.004+05:30  INFO 16004 --- [regulatory-change-management-backend] [scheduling-1] c.i.t.scheduler.NotificationScheduler    : Running daily overdue reminder job...
2026-05-19T00:03:40.020+05:30  INFO 16004 --- [regulatory-change-management-backend] [scheduling-1] c.i.t.scheduler.NotificationScheduler    : Finished processing 0 overdue items.
2026-05-19T00:03:50.007+05:30  INFO 16004 --- [regulatory-change-management-backend] [scheduling-1] c.i.t.scheduler.NotificationScheduler    : Running daily overdue reminder job...
2026-05-19T00:03:50.007+05:30  INFO 16004 --- [regulatory-change-management-backend] [scheduling-1] c.i.t.scheduler.NotificationScheduler    : Finished processing 0 overdue items.
2026-05-19T00:03:50.007+05:30  INFO 16004 --- [regulatory-change-management-backend] [scheduling-1] c.i.t.scheduler.NotificationScheduler    : Running advance deadline alert job...
2026-05-19T00:03:50.007+05:30  INFO 16004 --- [regulatory-change-management-backend] [scheduling-1] c.i.t.scheduler.NotificationScheduler    : Finished processing 0 upcoming items.
2026-05-19T00:03:57.580+05:30  INFO 16004 --- [regulatory-change-management-backend] [http-nio-8081-exec-2] com.internship.tool.audit.AuditAspect    : Audit log saved: CREATE on RegulatoryChange ID: 38
2026-05-19T00:04:00.007+05:30  INFO 16004 --- [regulatory-change-management-backend] [scheduling-1] c.i.t.scheduler.NotificationScheduler    : Running daily overdue reminder job...
2026-05-19T00:04:00.012+05:30  INFO 16004 --- [regulatory-change-management-backend] [scheduling-1] c.i.t.scheduler.NotificationScheduler    : Finished processing 0 overdue items.
2026-05-19T00:04:00.014+05:30  INFO 16004 --- [regulatory-change-management-backend] [scheduling-1] c.i.t.scheduler.NotificationScheduler    : Running advance deadline alert job...
2026-05-19T00:04:00.016+05:30  INFO 16004 --- [regulatory-change-management-backend] [scheduling-1] c.i.t.scheduler.NotificationScheduler    : Finished processing 0 upcoming items.
2026-05-19T00:04:10.011+05:30  INFO 16004 --- [regulatory-change-management-backend] [scheduling-1] c.i.t.scheduler.NotificationScheduler    : Running daily overdue reminder job...
2026-05-19T00:04:10.011+05:30  INFO 16004 --- [regulatory-change-management-backend] [scheduling-1] c.i.t.scheduler.NotificationScheduler    : Finished processing 0 overdue items.
2026-05-19T00:04:10.011+05:30  INFO 16004 --- [regulatory-change-management-backend] [scheduling-1] c.i.t.scheduler.NotificationScheduler    : Running advance deadline alert job...
2026-05-19T00:04:10.011+05:30  INFO 16004 --- [regulatory-change-management-backend] [scheduling-1] c.i.t.scheduler.NotificationScheduler    : Finished processing 0 upcoming items.
2026-05-19T00:04:20.010+05:30  INFO 16004 --- [regulatory-change-management-backend] [scheduling-1] c.i.t.scheduler.NotificationScheduler    : Running daily overdue reminder job...
2026-05-19T00:04:20.014+05:30  INFO 16004 --- [regulatory-change-management-backend] [scheduling-1] c.i.t.scheduler.NotificationScheduler    : Finished processing 0 overdue items.
2026-05-19T00:04:20.020+05:30  INFO 16004 --- [regulatory-change-management-backend] [scheduling-1] c.i.t.scheduler.NotificationScheduler    : Running advance deadline alert job...
2026-05-19T00:04:20.023+05:30  INFO 16004 --- [regulatory-change-management-backend] [scheduling-1] c.i.t.scheduler.NotificationScheduler    : Finished processing 0 upcoming items.
2026-05-19T00:04:30.012+05:30  INFO 16004 --- [regulatory-change-management-backend] [scheduling-1] c.i.t.scheduler.NotificationScheduler    : Running advance deadline alert job...
2026-05-19T00:04:30.012+05:30  INFO 16004 --- [regulatory-change-management-backend] [scheduling-1] c.i.t.scheduler.NotificationScheduler    : Finished processing 0 upcoming items.
2026-05-19T00:04:30.012+05:30  INFO 16004 --- [regulatory-change-management-backend] [scheduling-1] c.i.t.scheduler.NotificationScheduler    : Running daily overdue reminder job...
2026-05-19T00:04:30.012+05:30  INFO 16004 --- [regulatory-change-management-backend] [scheduling-1] c.i.t.scheduler.NotificationScheduler    : Finished processing 0 overdue items.
2026-05-19T00:04:30.044+05:30  INFO 16004 --- [regulatory-change-management-backend] [http-nio-8081-exec-6] com.internship.tool.audit.AuditAspect    : Audit log saved: UPDATE on RegulatoryChange ID: 4
2026-05-19T00:04:40.007+05:30  INFO 16004 --- [regulatory-change-management-backend] [scheduling-1] c.i.t.scheduler.NotificationScheduler    : Running advance deadline alert job...
2026-05-19T00:04:40.011+05:30  INFO 16004 --- [regulatory-change-management-backend] [scheduling-1] c.i.t.scheduler.NotificationScheduler    : Finished processing 0 upcoming items.
2026-05-19T00:04:40.011+05:30  INFO 16004 --- [regulatory-change-management-backend] [scheduling-1] c.i.t.scheduler.NotificationScheduler    : Running daily overdue reminder job...
2026-05-19T00:04:40.011+05:30  INFO 16004 --- [regulatory-change-management-backend] [scheduling-1] c.i.t.scheduler.NotificationScheduler    : Finished processing 0 overdue items.
2026-05-19T00:04:50.010+05:30  INFO 16004 --- [regulatory-change-management-backend] [scheduling-1] c.i.t.scheduler.NotificationScheduler    : Running daily overdue reminder job...
2026-05-19T00:04:50.016+05:30  INFO 16004 --- [regulatory-change-management-backend] [scheduling-1] c.i.t.scheduler.NotificationScheduler    : Finished processing 0 overdue items.
2026-05-19T00:04:50.018+05:30  INFO 16004 --- [regulatory-change-management-backend] [scheduling-1] c.i.t.scheduler.NotificationScheduler    : Running advance deadline alert job...
2026-05-19T00:04:50.026+05:30  INFO 16004 --- [regulatory-change-management-backend] [scheduling-1] c.i.t.scheduler.NotificationScheduler    : Finished processing 0 upcoming items.
2026-05-19T00:05:00.002+05:30  INFO 16004 --- [regulatory-change-management-backend] [scheduling-1] c.i.t.scheduler.NotificationScheduler    : Running daily overdue reminder job...
2026-05-19T00:05:00.002+05:30  INFO 16004 --- [regulatory-change-management-backend] [scheduling-1] c.i.t.scheduler.NotificationScheduler    : Finished processing 0 overdue items.
2026-05-19T00:05:00.002+05:30  INFO 16004 --- [regulatory-change-management-backend] [scheduling-1] c.i.t.scheduler.NotificationScheduler    : Running advance deadline alert job...
2026-05-19T00:05:00.002+05:30  INFO 16004 --- [regulatory-change-management-backend] [scheduling-1] c.i.t.scheduler.NotificationScheduler    : Finished processing 0 upcoming items.
2026-05-19T00:05:10.009+05:30  INFO 16004 --- [regulatory-change-management-backend] [scheduling-1] c.i.t.scheduler.NotificationScheduler    : Running daily overdue reminder job...
2026-05-19T00:05:10.013+05:30  INFO 16004 --- [regulatory-change-management-backend] [scheduling-1] c.i.t.scheduler.NotificationScheduler    : Finished processing 0 overdue items.
2026-05-19T00:05:10.015+05:30  INFO 16004 --- [regulatory-change-management-backend] [scheduling-1] c.i.t.scheduler.NotificationScheduler    : Running advance deadline alert job...
2026-05-19T00:05:10.019+05:30  INFO 16004 --- [regulatory-change-management-backend] [scheduling-1] c.i.t.scheduler.NotificationScheduler    : Finished processing 0 upcoming items.
2026-05-19T00:05:17.856+05:30  INFO 16004 --- [regulatory-change-management-backend] [http-nio-8081-exec-9] com.internship.tool.audit.AuditAspect    : Audit log saved: CREATE on RegulatoryChange ID: 39
2026-05-19T00:05:20.011+05:30  INFO 16004 --- [regulatory-change-management-backend] [scheduling-1] c.i.t.scheduler.NotificationScheduler    : Running advance deadline alert job...
2026-05-19T00:05:20.011+05:30  INFO 16004 --- [regulatory-change-management-backend] [scheduling-1] c.i.t.scheduler.NotificationScheduler    : Finished processing 0 upcoming items.
2026-05-19T00:05:20.011+05:30  INFO 16004 --- [regulatory-change-management-backend] [scheduling-1] c.i.t.scheduler.NotificationScheduler    : Running daily overdue reminder job...
2026-05-19T00:05:20.011+05:30  INFO 16004 --- [regulatory-change-management-backend] [scheduling-1] c.i.t.scheduler.NotificationScheduler    : Finished processing 0 overdue items.
2026-05-19T00:05:30.011+05:30  INFO 16004 --- [regulatory-change-management-backend] [scheduling-1] c.i.t.scheduler.NotificationScheduler    : Running advance deadline alert job...
2026-05-19T00:05:30.011+05:30  INFO 16004 --- [regulatory-change-management-backend] [scheduling-1] c.i.t.scheduler.NotificationScheduler    : Finished processing 0 upcoming items.
2026-05-19T00:05:30.011+05:30  INFO 16004 --- [regulatory-change-management-backend] [scheduling-1] c.i.t.scheduler.NotificationScheduler    : Running daily overdue reminder job...
2026-05-19T00:05:30.011+05:30  INFO 16004 --- [regulatory-change-management-backend] [scheduling-1] c.i.t.scheduler.NotificationScheduler    : Finished processing 0 overdue items.
2026-05-19T00:05:40.013+05:30  INFO 16004 --- [regulatory-change-management-backend] [scheduling-1] c.i.t.scheduler.NotificationScheduler    : Running advance deadline alert job...
2026-05-19T00:05:40.019+05:30  INFO 16004 --- [regulatory-change-management-backend] [scheduling-1] c.i.t.scheduler.NotificationScheduler    : Finished processing 0 upcoming items.
2026-05-19T00:05:40.021+05:30  INFO 16004 --- [regulatory-change-management-backend] [scheduling-1] c.i.t.scheduler.NotificationScheduler    : Running daily overdue reminder job...
2026-05-19T00:05:40.023+05:30  INFO 16004 --- [regulatory-change-management-backend] [scheduling-1] c.i.t.scheduler.NotificationScheduler    : Finished processing 0 overdue items.
2026-05-19T00:05:50.012+05:30  INFO 16004 --- [regulatory-change-management-backend] [scheduling-1] c.i.t.scheduler.NotificationScheduler    : Running advance deadline alert job...
2026-05-19T00:05:50.012+05:30  INFO 16004 --- [regulatory-change-management-backend] [scheduling-1] c.i.t.scheduler.NotificationScheduler    : Finished processing 0 upcoming items.
2026-05-19T00:05:50.012+05:30  INFO 16004 --- [regulatory-change-management-backend] [scheduling-1] c.i.t.scheduler.NotificationScheduler    : Running daily overdue reminder job...
2026-05-19T00:05:50.028+05:30  INFO 16004 --- [regulatory-change-management-backend] [scheduling-1] c.i.t.scheduler.NotificationScheduler    : Finished processing 0 overdue items.
2026-05-19T00:06:00.021+05:30  INFO 16004 --- [regulatory-change-management-backend] [scheduling-1] c.i.t.scheduler.NotificationScheduler    : Running advance deadline alert job...
2026-05-19T00:06:00.021+05:30  INFO 16004 --- [regulatory-change-management-backend] [scheduling-1] c.i.t.scheduler.NotificationScheduler    : Finished processing 0 upcoming items.
2026-05-19T00:06:00.021+05:30  INFO 16004 --- [regulatory-change-management-backend] [scheduling-1] c.i.t.scheduler.NotificationScheduler    : Running daily overdue reminder job...
2026-05-19T00:06:00.021+05:30  INFO 16004 --- [regulatory-change-management-backend] [scheduling-1] c.i.t.scheduler.NotificationScheduler    : Finished processing 0 overdue items.
2026-05-19T00:06:10.003+05:30  INFO 16004 --- [regulatory-change-management-backend] [scheduling-1] c.i.t.scheduler.NotificationScheduler    : Running daily overdue reminder job...
2026-05-19T00:06:10.003+05:30  INFO 16004 --- [regulatory-change-management-backend] [scheduling-1] c.i.t.scheduler.NotificationScheduler    : Finished processing 0 overdue items.
2026-05-19T00:06:10.019+05:30  INFO 16004 --- [regulatory-change-management-backend] [scheduling-1] c.i.t.scheduler.NotificationScheduler    : Running advance deadline alert job...
2026-05-19T00:06:10.019+05:30  INFO 16004 --- [regulatory-change-management-backend] [scheduling-1] c.i.t.scheduler.NotificationScheduler    : Finished processing 0 upcoming items.
2026-05-19T00:06:20.006+05:30  INFO 16004 --- [regulatory-change-management-backend] [scheduling-1] c.i.t.scheduler.NotificationScheduler    : Running daily overdue reminder job...
2026-05-19T00:06:20.006+05:30  INFO 16004 --- [regulatory-change-management-backend] [scheduling-1] c.i.t.scheduler.NotificationScheduler    : Finished processing 0 overdue items.
2026-05-19T00:06:20.006+05:30  INFO 16004 --- [regulatory-change-management-backend] [scheduling-1] c.i.t.scheduler.NotificationScheduler    : Running advance deadline alert job...
2026-05-19T00:06:20.006+05:30  INFO 16004 --- [regulatory-change-management-backend] [scheduling-1] c.i.t.scheduler.NotificationScheduler    : Finished processing 0 upcoming items.
2026-05-19T00:06:30.015+05:30  INFO 16004 --- [regulatory-change-management-backend] [scheduling-1] c.i.t.scheduler.NotificationScheduler    : Running daily overdue reminder job...
2026-05-19T00:06:30.015+05:30  INFO 16004 --- [regulatory-change-management-backend] [scheduling-1] c.i.t.scheduler.NotificationScheduler    : Finished processing 0 overdue items.
2026-05-19T00:06:30.015+05:30  INFO 16004 --- [regulatory-change-management-backend] [scheduling-1] c.i.t.scheduler.NotificationScheduler    : Running advance deadline alert job...
2026-05-19T00:06:30.015+05:30  INFO 16004 --- [regulatory-change-management-backend] [scheduling-1] c.i.t.scheduler.NotificationScheduler    : Finished processing 0 upcoming items.
2026-05-19T00:06:40.007+05:30  INFO 16004 --- [regulatory-change-management-backend] [scheduling-1] c.i.t.scheduler.NotificationScheduler    : Running daily overdue reminder job...
2026-05-19T00:06:40.007+05:30  INFO 16004 --- [regulatory-change-management-backend] [scheduling-1] c.i.t.scheduler.NotificationScheduler    : Finished processing 0 overdue items.
2026-05-19T00:06:40.007+05:30  INFO 16004 --- [regulatory-change-management-backend] [scheduling-1] c.i.t.scheduler.NotificationScheduler    : Running advance deadline alert job...
2026-05-19T00:06:40.007+05:30  INFO 16004 --- [regulatory-change-management-backend] [scheduling-1] c.i.t.scheduler.NotificationScheduler    : Finished processing 0 upcoming items.
2026-05-19T00:06:50.009+05:30  INFO 16004 --- [regulatory-change-management-backend] [scheduling-1] c.i.t.scheduler.NotificationScheduler    : Running daily overdue reminder job...
2026-05-19T00:06:50.009+05:30  INFO 16004 --- [regulatory-change-management-backend] [scheduling-1] c.i.t.scheduler.NotificationScheduler    : Finished processing 0 overdue items.
2026-05-19T00:06:50.009+05:30  INFO 16004 --- [regulatory-change-management-backend] [scheduling-1] c.i.t.scheduler.NotificationScheduler    : Running advance deadline alert job...
2026-05-19T00:06:50.009+05:30  INFO 16004 --- [regulatory-change-management-backend] [scheduling-1] c.i.t.scheduler.NotificationScheduler    : Finished processing 0 upcoming items.
2026-05-19T00:07:00.010+05:30  INFO 16004 --- [regulatory-change-management-backend] [scheduling-1] c.i.t.scheduler.NotificationScheduler    : Running daily overdue reminder job...
2026-05-19T00:07:00.010+05:30  INFO 16004 --- [regulatory-change-management-backend] [scheduling-1] c.i.t.scheduler.NotificationScheduler    : Finished processing 0 overdue items.
2026-05-19T00:07:00.010+05:30  INFO 16004 --- [regulatory-change-management-backend] [scheduling-1] c.i.t.scheduler.NotificationScheduler    : Running advance deadline alert job...
2026-05-19T00:07:00.010+05:30  INFO 16004 --- [regulatory-change-management-backend] [scheduling-1] c.i.t.scheduler.NotificationScheduler    : Finished processing 0 upcoming items.
2026-05-19T00:07:10.018+05:30  INFO 16004 --- [regulatory-change-management-backend] [scheduling-1] c.i.t.scheduler.NotificationScheduler    : Running daily overdue reminder job...
2026-05-19T00:07:10.018+05:30  INFO 16004 --- [regulatory-change-management-backend] [scheduling-1] c.i.t.scheduler.NotificationScheduler    : Finished processing 0 overdue items.
2026-05-19T00:07:10.024+05:30  INFO 16004 --- [regulatory-change-management-backend] [scheduling-1] c.i.t.scheduler.NotificationScheduler    : Running advance deadline alert job...
2026-05-19T00:07:10.024+05:30  INFO 16004 --- [regulatory-change-management-backend] [scheduling-1] c.i.t.scheduler.NotificationScheduler    : Finished processing 0 upcoming items.
2026-05-19T00:07:20.009+05:30  INFO 16004 --- [regulatory-change-management-backend] [scheduling-1] c.i.t.scheduler.NotificationScheduler    : Running daily overdue reminder job...
2026-05-19T00:07:20.012+05:30  INFO 16004 --- [regulatory-change-management-backend] [scheduling-1] c.i.t.scheduler.NotificationScheduler    : Finished processing 0 overdue items.
2026-05-19T00:07:20.014+05:30  INFO 16004 --- [regulatory-change-management-backend] [scheduling-1] c.i.t.scheduler.NotificationScheduler    : Running advance deadline alert job...
2026-05-19T00:07:20.018+05:30  INFO 16004 --- [regulatory-change-management-backend] [scheduling-1] c.i.t.scheduler.NotificationScheduler    : Finished processing 0 upcoming items.
2026-05-19T00:07:30.005+05:30  INFO 16004 --- [regulatory-change-management-backend] [scheduling-1] c.i.t.scheduler.NotificationScheduler    : Running advance deadline alert job...
2026-05-19T00:07:30.009+05:30  INFO 16004 --- [regulatory-change-management-backend] [scheduling-1] c.i.t.scheduler.NotificationScheduler    : Finished processing 0 upcoming items.
2026-05-19T00:07:30.009+05:30  INFO 16004 --- [regulatory-change-management-backend] [scheduling-1] c.i.t.scheduler.NotificationScheduler    : Running daily overdue reminder job...
2026-05-19T00:07:30.009+05:30  INFO 16004 --- [regulatory-change-management-backend] [scheduling-1] c.i.t.scheduler.NotificationScheduler    : Finished processing 0 overdue items.
2026-05-19T00:07:40.008+05:30  INFO 16004 --- [regulatory-change-management-backend] [scheduling-1] c.i.t.scheduler.NotificationScheduler    : Running advance deadline alert job...
2026-05-19T00:07:40.008+05:30  INFO 16004 --- [regulatory-change-management-backend] [scheduling-1] c.i.t.scheduler.NotificationScheduler    : Finished processing 0 upcoming items.
2026-05-19T00:07:40.008+05:30  INFO 16004 --- [regulatory-change-management-backend] [scheduling-1] c.i.t.scheduler.NotificationScheduler    : Running daily overdue reminder job...
2026-05-19T00:07:40.008+05:30  INFO 16004 --- [regulatory-change-management-backend] [scheduling-1] c.i.t.scheduler.NotificationScheduler    : Finished processing 0 overdue items.
2026-05-19T00:07:50.011+05:30  INFO 16004 --- [regulatory-change-management-backend] [scheduling-1] c.i.t.scheduler.NotificationScheduler    : Running advance deadline alert job...
2026-05-19T00:07:50.011+05:30  INFO 16004 --- [regulatory-change-management-backend] [scheduling-1] c.i.t.scheduler.NotificationScheduler    : Finished processing 0 upcoming items.
2026-05-19T00:07:50.011+05:30  INFO 16004 --- [regulatory-change-management-backend] [scheduling-1] c.i.t.scheduler.NotificationScheduler    : Running daily overdue reminder job...
2026-05-19T00:07:50.011+05:30  INFO 16004 --- [regulatory-change-management-backend] [scheduling-1] c.i.t.scheduler.NotificationScheduler    : Finished processing 0 overdue items.
2026-05-19T00:08:00.019+05:30  INFO 16004 --- [regulatory-change-management-backend] [scheduling-1] c.i.t.scheduler.NotificationScheduler    : Running advance deadline alert job...
2026-05-19T00:08:00.019+05:30  INFO 16004 --- [regulatory-change-management-backend] [scheduling-1] c.i.t.scheduler.NotificationScheduler    : Finished processing 0 upcoming items.
2026-05-19T00:08:00.019+05:30  INFO 16004 --- [regulatory-change-management-backend] [scheduling-1] c.i.t.scheduler.NotificationScheduler    : Running daily overdue reminder job...
2026-05-19T00:08:00.033+05:30  INFO 16004 --- [regulatory-change-management-backend] [scheduling-1] c.i.t.scheduler.NotificationScheduler    : Finished processing 0 overdue items.
2026-05-19T00:08:10.003+05:30  INFO 16004 --- [regulatory-change-management-backend] [scheduling-1] c.i.t.scheduler.NotificationScheduler    : Running daily overdue reminder job...
2026-05-19T00:08:10.003+05:30  INFO 16004 --- [regulatory-change-management-backend] [scheduling-1] c.i.t.scheduler.NotificationScheduler    : Finished processing 0 overdue items.
2026-05-19T00:08:10.003+05:30  INFO 16004 --- [regulatory-change-management-backend] [scheduling-1] c.i.t.scheduler.NotificationScheduler    : Running advance deadline alert job...
2026-05-19T00:08:10.003+05:30  INFO 16004 --- [regulatory-change-management-backend] [scheduling-1] c.i.t.scheduler.NotificationScheduler    : Finished processing 0 upcoming items.
2026-05-19T00:08:20.012+05:30  INFO 16004 --- [regulatory-change-management-backend] [scheduling-1] c.i.t.scheduler.NotificationScheduler    : Running daily overdue reminder job...
2026-05-19T00:08:20.012+05:30  INFO 16004 --- [regulatory-change-management-backend] [scheduling-1] c.i.t.scheduler.NotificationScheduler    : Finished processing 0 overdue items.
2026-05-19T00:08:20.012+05:30  INFO 16004 --- [regulatory-change-management-backend] [scheduling-1] c.i.t.scheduler.NotificationScheduler    : Running advance deadline alert job...
2026-05-19T00:08:20.020+05:30  INFO 16004 --- [regulatory-change-management-backend] [scheduling-1] c.i.t.scheduler.NotificationScheduler    : Finished processing 0 upcoming items.
2026-05-19T00:08:30.006+05:30  INFO 16004 --- [regulatory-change-management-backend] [scheduling-1] c.i.t.scheduler.NotificationScheduler    : Running advance deadline alert job...
2026-05-19T00:08:30.013+05:30  INFO 16004 --- [regulatory-change-management-backend] [scheduling-1] c.i.t.scheduler.NotificationScheduler    : Finished processing 0 upcoming items.
2026-05-19T00:08:30.016+05:30  INFO 16004 --- [regulatory-change-management-backend] [scheduling-1] c.i.t.scheduler.NotificationScheduler    : Running daily overdue reminder job...
2026-05-19T00:08:30.021+05:30  INFO 16004 --- [regulatory-change-management-backend] [scheduling-1] c.i.t.scheduler.NotificationScheduler    : Finished processing 0 overdue items.
2026-05-19T00:08:40.007+05:30  INFO 16004 --- [regulatory-change-management-backend] [scheduling-1] c.i.t.scheduler.NotificationScheduler    : Running daily overdue reminder job...
2026-05-19T00:08:40.007+05:30  INFO 16004 --- [regulatory-change-management-backend] [scheduling-1] c.i.t.scheduler.NotificationScheduler    : Finished processing 0 overdue items.
2026-05-19T00:08:40.007+05:30  INFO 16004 --- [regulatory-change-management-backend] [scheduling-1] c.i.t.scheduler.NotificationScheduler    : Running advance deadline alert job...
2026-05-19T00:08:40.007+05:30  INFO 16004 --- [regulatory-change-management-backend] [scheduling-1] c.i.t.scheduler.NotificationScheduler    : Finished processing 0 upcoming items.
2026-05-19T00:08:50.011+05:30  INFO 16004 --- [regulatory-change-management-backend] [scheduling-1] c.i.t.scheduler.NotificationScheduler    : Running daily overdue reminder job...
2026-05-19T00:08:50.015+05:30  INFO 16004 --- [regulatory-change-management-backend] [scheduling-1] c.i.t.scheduler.NotificationScheduler    : Finished processing 0 overdue items.
2026-05-19T00:08:50.015+05:30  INFO 16004 --- [regulatory-change-management-backend] [scheduling-1] c.i.t.scheduler.NotificationScheduler    : Running advance deadline alert job...
2026-05-19T00:08:50.027+05:30  INFO 16004 --- [regulatory-change-management-backend] [scheduling-1] c.i.t.scheduler.NotificationScheduler    : Finished processing 0 upcoming items.
2026-05-19T00:09:00.015+05:30  INFO 16004 --- [regulatory-change-management-backend] [scheduling-1] c.i.t.scheduler.NotificationScheduler    : Running daily overdue reminder job...
2026-05-19T00:09:00.015+05:30  INFO 16004 --- [regulatory-change-management-backend] [scheduling-1] c.i.t.scheduler.NotificationScheduler    : Finished processing 0 overdue items.
2026-05-19T00:09:00.015+05:30  INFO 16004 --- [regulatory-change-management-backend] [scheduling-1] c.i.t.scheduler.NotificationScheduler    : Running advance deadline alert job...
2026-05-19T00:09:00.031+05:30  INFO 16004 --- [regulatory-change-management-backend] [scheduling-1] c.i.t.scheduler.NotificationScheduler    : Finished processing 0 upcoming items.
2026-05-19T00:09:10.012+05:30  INFO 16004 --- [regulatory-change-management-backend] [scheduling-1] c.i.t.scheduler.NotificationScheduler    : Running advance deadline alert job...
2026-05-19T00:09:10.012+05:30  INFO 16004 --- [regulatory-change-management-backend] [scheduling-1] c.i.t.scheduler.NotificationScheduler    : Finished processing 0 upcoming items.
2026-05-19T00:09:10.012+05:30  INFO 16004 --- [regulatory-change-management-backend] [scheduling-1] c.i.t.scheduler.NotificationScheduler    : Running daily overdue reminder job...
2026-05-19T00:09:10.012+05:30  INFO 16004 --- [regulatory-change-management-backend] [scheduling-1] c.i.t.scheduler.NotificationScheduler    : Finished processing 0 overdue items.
2026-05-19T00:09:20.010+05:30  INFO 16004 --- [regulatory-change-management-backend] [scheduling-1] c.i.t.scheduler.NotificationScheduler    : Running advance deadline alert job...
2026-05-19T00:09:20.013+05:30  INFO 16004 --- [regulatory-change-management-backend] [scheduling-1] c.i.t.scheduler.NotificationScheduler    : Finished processing 0 upcoming items.
2026-05-19T00:09:20.013+05:30  INFO 16004 --- [regulatory-change-management-backend] [scheduling-1] c.i.t.scheduler.NotificationScheduler    : Running daily overdue reminder job...
2026-05-19T00:09:20.013+05:30  INFO 16004 --- [regulatory-change-management-backend] [scheduling-1] c.i.t.scheduler.NotificationScheduler    : Finished processing 0 overdue items.
2026-05-19T00:09:30.009+05:30  INFO 16004 --- [regulatory-change-management-backend] [scheduling-1] c.i.t.scheduler.NotificationScheduler    : Running advance deadline alert job...
2026-05-19T00:09:30.009+05:30  INFO 16004 --- [regulatory-change-management-backend] [scheduling-1] c.i.t.scheduler.NotificationScheduler    : Finished processing 0 upcoming items.
2026-05-19T00:09:30.009+05:30  INFO 16004 --- [regulatory-change-management-backend] [scheduling-1] c.i.t.scheduler.NotificationScheduler    : Running daily overdue reminder job...
2026-05-19T00:09:30.009+05:30  INFO 16004 --- [regulatory-change-management-backend] [scheduling-1] c.i.t.scheduler.NotificationScheduler    : Finished processing 0 overdue items.
2026-05-19T00:09:40.025+05:30  INFO 16004 --- [regulatory-change-management-backend] [scheduling-1] c.i.t.scheduler.NotificationScheduler    : Running advance deadline alert job...
2026-05-19T00:09:40.025+05:30  INFO 16004 --- [regulatory-change-management-backend] [scheduling-1] c.i.t.scheduler.NotificationScheduler    : Finished processing 0 upcoming items.
2026-05-19T00:09:40.025+05:30  INFO 16004 --- [regulatory-change-management-backend] [scheduling-1] c.i.t.scheduler.NotificationScheduler    : Running daily overdue reminder job...
2026-05-19T00:09:40.025+05:30  INFO 16004 --- [regulatory-change-management-backend] [scheduling-1] c.i.t.scheduler.NotificationScheduler    : Finished processing 0 overdue items.
2026-05-19T00:09:50.019+05:30  INFO 16004 --- [regulatory-change-management-backend] [scheduling-1] c.i.t.scheduler.NotificationScheduler    : Running advance deadline alert job...
2026-05-19T00:09:50.022+05:30  INFO 16004 --- [regulatory-change-management-backend] [scheduling-1] c.i.t.scheduler.NotificationScheduler    : Finished processing 0 upcoming items.
2026-05-19T00:09:50.022+05:30  INFO 16004 --- [regulatory-change-management-backend] [scheduling-1] c.i.t.scheduler.NotificationScheduler    : Running daily overdue reminder job...
2026-05-19T00:09:50.022+05:30  INFO 16004 --- [regulatory-change-management-backend] [scheduling-1] c.i.t.scheduler.NotificationScheduler    : Finished processing 0 overdue items.
2026-05-19T00:10:00.007+05:30  INFO 16004 --- [regulatory-change-management-backend] [scheduling-1] c.i.t.scheduler.NotificationScheduler    : Running advance deadline alert job...
2026-05-19T00:10:00.027+05:30  INFO 16004 --- [regulatory-change-management-backend] [scheduling-1] c.i.t.scheduler.NotificationScheduler    : Finished processing 0 upcoming items.
2026-05-19T00:10:00.027+05:30  INFO 16004 --- [regulatory-change-management-backend] [scheduling-1] c.i.t.scheduler.NotificationScheduler    : Running daily overdue reminder job...
2026-05-19T00:10:00.041+05:30  INFO 16004 --- [regulatory-change-management-backend] [scheduling-1] c.i.t.scheduler.NotificationScheduler    : Finished processing 0 overdue items.
2026-05-19T00:10:10.019+05:30  INFO 16004 --- [regulatory-change-management-backend] [scheduling-1] c.i.t.scheduler.NotificationScheduler    : Running daily overdue reminder job...
2026-05-19T00:10:10.019+05:30  INFO 16004 --- [regulatory-change-management-backend] [scheduling-1] c.i.t.scheduler.NotificationScheduler    : Finished processing 0 overdue items.
2026-05-19T00:10:10.019+05:30  INFO 16004 --- [regulatory-change-management-backend] [scheduling-1] c.i.t.scheduler.NotificationScheduler    : Running advance deadline alert job...
2026-05-19T00:10:10.019+05:30  INFO 16004 --- [regulatory-change-management-backend] [scheduling-1] c.i.t.scheduler.NotificationScheduler    : Finished processing 0 upcoming items.
2026-05-19T00:10:20.016+05:30  INFO 16004 --- [regulatory-change-management-backend] [scheduling-1] c.i.t.scheduler.NotificationScheduler    : Running daily overdue reminder job...
2026-05-19T00:10:20.016+05:30  INFO 16004 --- [regulatory-change-management-backend] [scheduling-1] c.i.t.scheduler.NotificationScheduler    : Finished processing 0 overdue items.
2026-05-19T00:10:20.016+05:30  INFO 16004 --- [regulatory-change-management-backend] [scheduling-1] c.i.t.scheduler.NotificationScheduler    : Running advance deadline alert job...
2026-05-19T00:10:20.016+05:30  INFO 16004 --- [regulatory-change-management-backend] [scheduling-1] c.i.t.scheduler.NotificationScheduler    : Finished processing 0 upcoming items.
2026-05-19T00:10:30.005+05:30  INFO 16004 --- [regulatory-change-management-backend] [scheduling-1] c.i.t.scheduler.NotificationScheduler    : Running daily overdue reminder job...
2026-05-19T00:10:30.009+05:30  INFO 16004 --- [regulatory-change-management-backend] [scheduling-1] c.i.t.scheduler.NotificationScheduler    : Finished processing 0 overdue items.
2026-05-19T00:10:30.011+05:30  INFO 16004 --- [regulatory-change-management-backend] [scheduling-1] c.i.t.scheduler.NotificationScheduler    : Running advance deadline alert job...
2026-05-19T00:10:30.013+05:30  INFO 16004 --- [regulatory-change-management-backend] [scheduling-1] c.i.t.scheduler.NotificationScheduler    : Finished processing 0 upcoming items.
2026-05-19T00:10:40.005+05:30  INFO 16004 --- [regulatory-change-management-backend] [scheduling-1] c.i.t.scheduler.NotificationScheduler    : Running daily overdue reminder job...
2026-05-19T00:10:40.008+05:30  INFO 16004 --- [regulatory-change-management-backend] [scheduling-1] c.i.t.scheduler.NotificationScheduler    : Finished processing 0 overdue items.
2026-05-19T00:10:40.010+05:30  INFO 16004 --- [regulatory-change-management-backend] [scheduling-1] c.i.t.scheduler.NotificationScheduler    : Running advance deadline alert job...
2026-05-19T00:10:40.014+05:30  INFO 16004 --- [regulatory-change-management-backend] [scheduling-1] c.i.t.scheduler.NotificationScheduler    : Finished processing 0 upcoming items.
2026-05-19T00:10:50.000+05:30  INFO 16004 --- [regulatory-change-management-backend] [scheduling-1] c.i.t.scheduler.NotificationScheduler    : Running advance deadline alert job...
2026-05-19T00:10:50.000+05:30  INFO 16004 --- [regulatory-change-management-backend] [scheduling-1] c.i.t.scheduler.NotificationScheduler    : Finished processing 0 upcoming items.
2026-05-19T00:10:50.000+05:30  INFO 16004 --- [regulatory-change-management-backend] [scheduling-1] c.i.t.scheduler.NotificationScheduler    : Running daily overdue reminder job...
2026-05-19T00:10:50.000+05:30  INFO 16004 --- [regulatory-change-management-backend] [scheduling-1] c.i.t.scheduler.NotificationScheduler    : Finished processing 0 overdue items.
2026-05-19T00:11:00.007+05:30  INFO 16004 --- [regulatory-change-management-backend] [scheduling-1] c.i.t.scheduler.NotificationScheduler    : Running advance deadline alert job...
2026-05-19T00:11:00.013+05:30  INFO 16004 --- [regulatory-change-management-backend] [scheduling-1] c.i.t.scheduler.NotificationScheduler    : Finished processing 0 upcoming items.
2026-05-19T00:11:00.015+05:30  INFO 16004 --- [regulatory-change-management-backend] [scheduling-1] c.i.t.scheduler.NotificationScheduler    : Running daily overdue reminder job...
2026-05-19T00:11:00.019+05:30  INFO 16004 --- [regulatory-change-management-backend] [scheduling-1] c.i.t.scheduler.NotificationScheduler    : Finished processing 0 overdue items.
2026-05-19T00:11:10.010+05:30  INFO 16004 --- [regulatory-change-management-backend] [scheduling-1] c.i.t.scheduler.NotificationScheduler    : Running daily overdue reminder job...
2026-05-19T00:11:10.010+05:30  INFO 16004 --- [regulatory-change-management-backend] [scheduling-1] c.i.t.scheduler.NotificationScheduler    : Finished processing 0 overdue items.
2026-05-19T00:11:10.010+05:30  INFO 16004 --- [regulatory-change-management-backend] [scheduling-1] c.i.t.scheduler.NotificationScheduler    : Running advance deadline alert job...
2026-05-19T00:11:10.010+05:30  INFO 16004 --- [regulatory-change-management-backend] [scheduling-1] c.i.t.scheduler.NotificationScheduler    : Finished processing 0 upcoming items.
2026-05-19T00:11:20.013+05:30  INFO 16004 --- [regulatory-change-management-backend] [scheduling-1] c.i.t.scheduler.NotificationScheduler    : Running daily overdue reminder job...
2026-05-19T00:11:20.013+05:30  INFO 16004 --- [regulatory-change-management-backend] [scheduling-1] c.i.t.scheduler.NotificationScheduler    : Finished processing 0 overdue items.
2026-05-19T00:11:20.018+05:30  INFO 16004 --- [regulatory-change-management-backend] [scheduling-1] c.i.t.scheduler.NotificationScheduler    : Running advance deadline alert job...
2026-05-19T00:11:20.022+05:30  INFO 16004 --- [regulatory-change-management-backend] [scheduling-1] c.i.t.scheduler.NotificationScheduler    : Finished processing 0 upcoming items.
2026-05-19T00:11:30.000+05:30  INFO 16004 --- [regulatory-change-management-backend] [scheduling-1] c.i.t.scheduler.NotificationScheduler    : Running daily overdue reminder job...
2026-05-19T00:11:30.007+05:30  INFO 16004 --- [regulatory-change-management-backend] [scheduling-1] c.i.t.scheduler.NotificationScheduler    : Finished processing 0 overdue items.
2026-05-19T00:11:30.007+05:30  INFO 16004 --- [regulatory-change-management-backend] [scheduling-1] c.i.t.scheduler.NotificationScheduler    : Running advance deadline alert job...
2026-05-19T00:11:30.011+05:30  INFO 16004 --- [regulatory-change-management-backend] [scheduling-1] c.i.t.scheduler.NotificationScheduler    : Finished processing 0 upcoming items.
2026-05-19T00:11:40.001+05:30  INFO 16004 --- [regulatory-change-management-backend] [scheduling-1] c.i.t.scheduler.NotificationScheduler    : Running advance deadline alert job...
2026-05-19T00:11:40.005+05:30  INFO 16004 --- [regulatory-change-management-backend] [scheduling-1] c.i.t.scheduler.NotificationScheduler    : Finished processing 0 upcoming items.
2026-05-19T00:11:40.005+05:30  INFO 16004 --- [regulatory-change-management-backend] [scheduling-1] c.i.t.scheduler.NotificationScheduler    : Running daily overdue reminder job...
2026-05-19T00:11:40.005+05:30  INFO 16004 --- [regulatory-change-management-backend] [scheduling-1] c.i.t.scheduler.NotificationScheduler    : Finished processing 0 overdue items.
2026-05-19T00:11:50.005+05:30  INFO 16004 --- [regulatory-change-management-backend] [scheduling-1] c.i.t.scheduler.NotificationScheduler    : Running advance deadline alert job...
2026-05-19T00:11:50.009+05:30  INFO 16004 --- [regulatory-change-management-backend] [scheduling-1] c.i.t.scheduler.NotificationScheduler    : Finished processing 0 upcoming items.
2026-05-19T00:11:50.009+05:30  INFO 16004 --- [regulatory-change-management-backend] [scheduling-1] c.i.t.scheduler.NotificationScheduler    : Running daily overdue reminder job...
2026-05-19T00:11:50.013+05:30  INFO 16004 --- [regulatory-change-management-backend] [scheduling-1] c.i.t.scheduler.NotificationScheduler    : Finished processing 0 overdue items.
2026-05-19T00:12:00.006+05:30  INFO 16004 --- [regulatory-change-management-backend] [scheduling-1] c.i.t.scheduler.NotificationScheduler    : Running advance deadline alert job...
2026-05-19T00:12:00.012+05:30  INFO 16004 --- [regulatory-change-management-backend] [scheduling-1] c.i.t.scheduler.NotificationScheduler    : Finished processing 0 upcoming items.
2026-05-19T00:12:00.012+05:30  INFO 16004 --- [regulatory-change-management-backend] [scheduling-1] c.i.t.scheduler.NotificationScheduler    : Running daily overdue reminder job...
2026-05-19T00:12:00.016+05:30  INFO 16004 --- [regulatory-change-management-backend] [scheduling-1] c.i.t.scheduler.NotificationScheduler    : Finished processing 0 overdue items.
2026-05-19T00:12:10.003+05:30  INFO 16004 --- [regulatory-change-management-backend] [scheduling-1] c.i.t.scheduler.NotificationScheduler    : Running daily overdue reminder job...
2026-05-19T00:12:10.003+05:30  INFO 16004 --- [regulatory-change-management-backend] [scheduling-1] c.i.t.scheduler.NotificationScheduler    : Finished processing 0 overdue items.
2026-05-19T00:12:10.003+05:30  INFO 16004 --- [regulatory-change-management-backend] [scheduling-1] c.i.t.scheduler.NotificationScheduler    : Running advance deadline alert job...
2026-05-19T00:12:10.011+05:30  INFO 16004 --- [regulatory-change-management-backend] [scheduling-1] c.i.t.scheduler.NotificationScheduler    : Finished processing 0 upcoming items.
2026-05-19T00:12:20.008+05:30  INFO 16004 --- [regulatory-change-management-backend] [scheduling-1] c.i.t.scheduler.NotificationScheduler    : Running advance deadline alert job...
2026-05-19T00:12:20.008+05:30  INFO 16004 --- [regulatory-change-management-backend] [scheduling-1] c.i.t.scheduler.NotificationScheduler    : Finished processing 0 upcoming items.
2026-05-19T00:12:20.008+05:30  INFO 16004 --- [regulatory-change-management-backend] [scheduling-1] c.i.t.scheduler.NotificationScheduler    : Running daily overdue reminder job...
2026-05-19T00:12:20.016+05:30  INFO 16004 --- [regulatory-change-management-backend] [scheduling-1] c.i.t.scheduler.NotificationScheduler    : Finished processing 0 overdue items.
2026-05-19T00:12:30.015+05:30  INFO 16004 --- [regulatory-change-management-backend] [scheduling-1] c.i.t.scheduler.NotificationScheduler    : Running daily overdue reminder job...
2026-05-19T00:12:30.015+05:30  INFO 16004 --- [regulatory-change-management-backend] [scheduling-1] c.i.t.scheduler.NotificationScheduler    : Finished processing 0 overdue items.
2026-05-19T00:12:30.015+05:30  INFO 16004 --- [regulatory-change-management-backend] [scheduling-1] c.i.t.scheduler.NotificationScheduler    : Running advance deadline alert job...
2026-05-19T00:12:30.023+05:30  INFO 16004 --- [regulatory-change-management-backend] [scheduling-1] c.i.t.scheduler.NotificationScheduler    : Finished processing 0 upcoming items.
2026-05-19T00:12:40.010+05:30  INFO 16004 --- [regulatory-change-management-backend] [scheduling-1] c.i.t.scheduler.NotificationScheduler    : Running advance deadline alert job...
2026-05-19T00:12:40.010+05:30  INFO 16004 --- [regulatory-change-management-backend] [scheduling-1] c.i.t.scheduler.NotificationScheduler    : Finished processing 0 upcoming items.
2026-05-19T00:12:40.010+05:30  INFO 16004 --- [regulatory-change-management-backend] [scheduling-1] c.i.t.scheduler.NotificationScheduler    : Running daily overdue reminder job...
2026-05-19T00:12:40.010+05:30  INFO 16004 --- [regulatory-change-management-backend] [scheduling-1] c.i.t.scheduler.NotificationScheduler    : Finished processing 0 overdue items.
2026-05-19T00:12:50.020+05:30  INFO 16004 --- [regulatory-change-management-backend] [scheduling-1] c.i.t.scheduler.NotificationScheduler    : Running advance deadline alert job...
2026-05-19T00:12:50.020+05:30  INFO 16004 --- [regulatory-change-management-backend] [scheduling-1] c.i.t.scheduler.NotificationScheduler    : Finished processing 0 upcoming items.
2026-05-19T00:12:50.020+05:30  INFO 16004 --- [regulatory-change-management-backend] [scheduling-1] c.i.t.scheduler.NotificationScheduler    : Running daily overdue reminder job...
2026-05-19T00:12:50.020+05:30  INFO 16004 --- [regulatory-change-management-backend] [scheduling-1] c.i.t.scheduler.NotificationScheduler    : Finished processing 0 overdue items.
2026-05-19T00:13:00.013+05:30  INFO 16004 --- [regulatory-change-management-backend] [scheduling-1] c.i.t.scheduler.NotificationScheduler    : Running advance deadline alert job...
2026-05-19T00:13:00.013+05:30  INFO 16004 --- [regulatory-change-management-backend] [scheduling-1] c.i.t.scheduler.NotificationScheduler    : Finished processing 0 upcoming items.
2026-05-19T00:13:00.013+05:30  INFO 16004 --- [regulatory-change-management-backend] [scheduling-1] c.i.t.scheduler.NotificationScheduler    : Running daily overdue reminder job...
2026-05-19T00:13:00.013+05:30  INFO 16004 --- [regulatory-change-management-backend] [scheduling-1] c.i.t.scheduler.NotificationScheduler    : Finished processing 0 overdue items.
2026-05-19T00:13:10.017+05:30  INFO 16004 --- [regulatory-change-management-backend] [scheduling-1] c.i.t.scheduler.NotificationScheduler    : Running advance deadline alert job...
2026-05-19T00:13:10.017+05:30  INFO 16004 --- [regulatory-change-management-backend] [scheduling-1] c.i.t.scheduler.NotificationScheduler    : Finished processing 0 upcoming items.
2026-05-19T00:13:10.022+05:30  INFO 16004 --- [regulatory-change-management-backend] [scheduling-1] c.i.t.scheduler.NotificationScheduler    : Running daily overdue reminder job...
2026-05-19T00:13:10.024+05:30  INFO 16004 --- [regulatory-change-management-backend] [scheduling-1] c.i.t.scheduler.NotificationScheduler    : Finished processing 0 overdue items.
2026-05-19T00:13:20.015+05:30  INFO 16004 --- [regulatory-change-management-backend] [scheduling-1] c.i.t.scheduler.NotificationScheduler    : Running daily overdue reminder job...
2026-05-19T00:13:20.015+05:30  INFO 16004 --- [regulatory-change-management-backend] [scheduling-1] c.i.t.scheduler.NotificationScheduler    : Finished processing 0 overdue items.
2026-05-19T00:13:20.015+05:30  INFO 16004 --- [regulatory-change-management-backend] [scheduling-1] c.i.t.scheduler.NotificationScheduler    : Running advance deadline alert job...
2026-05-19T00:13:20.015+05:30  INFO 16004 --- [regulatory-change-management-backend] [scheduling-1] c.i.t.scheduler.NotificationScheduler    : Finished processing 0 upcoming items.
2026-05-19T00:13:30.019+05:30  INFO 16004 --- [regulatory-change-management-backend] [scheduling-1] c.i.t.scheduler.NotificationScheduler    : Running daily overdue reminder job...
2026-05-19T00:13:30.019+05:30  INFO 16004 --- [regulatory-change-management-backend] [scheduling-1] c.i.t.scheduler.NotificationScheduler    : Finished processing 0 overdue items.
2026-05-19T00:13:30.019+05:30  INFO 16004 --- [regulatory-change-management-backend] [scheduling-1] c.i.t.scheduler.NotificationScheduler    : Running advance deadline alert job...
2026-05-19T00:13:30.019+05:30  INFO 16004 --- [regulatory-change-management-backend] [scheduling-1] c.i.t.scheduler.NotificationScheduler    : Finished processing 0 upcoming items.
2026-05-19T00:13:40.013+05:30  INFO 16004 --- [regulatory-change-management-backend] [scheduling-1] c.i.t.scheduler.NotificationScheduler    : Running daily overdue reminder job...
2026-05-19T00:13:40.013+05:30  INFO 16004 --- [regulatory-change-management-backend] [scheduling-1] c.i.t.scheduler.NotificationScheduler    : Finished processing 0 overdue items.
2026-05-19T00:13:40.013+05:30  INFO 16004 --- [regulatory-change-management-backend] [scheduling-1] c.i.t.scheduler.NotificationScheduler    : Running advance deadline alert job...
2026-05-19T00:13:40.013+05:30  INFO 16004 --- [regulatory-change-management-backend] [scheduling-1] c.i.t.scheduler.NotificationScheduler    : Finished processing 0 upcoming items.
2026-05-19T00:13:50.017+05:30  INFO 16004 --- [regulatory-change-management-backend] [scheduling-1] c.i.t.scheduler.NotificationScheduler    : Running daily overdue reminder job...
2026-05-19T00:13:50.017+05:30  INFO 16004 --- [regulatory-change-management-backend] [scheduling-1] c.i.t.scheduler.NotificationScheduler    : Finished processing 0 overdue items.
2026-05-19T00:13:50.017+05:30  INFO 16004 --- [regulatory-change-management-backend] [scheduling-1] c.i.t.scheduler.NotificationScheduler    : Running advance deadline alert job...
2026-05-19T00:13:50.017+05:30  INFO 16004 --- [regulatory-change-management-backend] [scheduling-1] c.i.t.scheduler.NotificationScheduler    : Finished processing 0 upcoming items.
2026-05-19T00:14:00.016+05:30  INFO 16004 --- [regulatory-change-management-backend] [scheduling-1] c.i.t.scheduler.NotificationScheduler    : Running daily overdue reminder job...
2026-05-19T00:14:00.016+05:30  INFO 16004 --- [regulatory-change-management-backend] [scheduling-1] c.i.t.scheduler.NotificationScheduler    : Finished processing 0 overdue items.
2026-05-19T00:14:00.016+05:30  INFO 16004 --- [regulatory-change-management-backend] [scheduling-1] c.i.t.scheduler.NotificationScheduler    : Running advance deadline alert job...
2026-05-19T00:14:00.016+05:30  INFO 16004 --- [regulatory-change-management-backend] [scheduling-1] c.i.t.scheduler.NotificationScheduler    : Finished processing 0 upcoming items.
2026-05-19T00:14:10.007+05:30  INFO 16004 --- [regulatory-change-management-backend] [scheduling-1] c.i.t.scheduler.NotificationScheduler    : Running daily overdue reminder job...
2026-05-19T00:14:10.010+05:30  INFO 16004 --- [regulatory-change-management-backend] [scheduling-1] c.i.t.scheduler.NotificationScheduler    : Finished processing 0 overdue items.
2026-05-19T00:14:10.010+05:30  INFO 16004 --- [regulatory-change-management-backend] [scheduling-1] c.i.t.scheduler.NotificationScheduler    : Running advance deadline alert job...
2026-05-19T00:14:10.010+05:30  INFO 16004 --- [regulatory-change-management-backend] [scheduling-1] c.i.t.scheduler.NotificationScheduler    : Finished processing 0 upcoming items.
2026-05-19T00:14:20.006+05:30  INFO 16004 --- [regulatory-change-management-backend] [scheduling-1] c.i.t.scheduler.NotificationScheduler    : Running daily overdue reminder job...
2026-05-19T00:14:20.007+05:30  INFO 16004 --- [regulatory-change-management-backend] [scheduling-1] c.i.t.scheduler.NotificationScheduler    : Finished processing 0 overdue items.
2026-05-19T00:14:20.007+05:30  INFO 16004 --- [regulatory-change-management-backend] [scheduling-1] c.i.t.scheduler.NotificationScheduler    : Running advance deadline alert job...
2026-05-19T00:14:20.007+05:30  INFO 16004 --- [regulatory-change-management-backend] [scheduling-1] c.i.t.scheduler.NotificationScheduler    : Finished processing 0 upcoming items.
2026-05-19T00:14:30.015+05:30  INFO 16004 --- [regulatory-change-management-backend] [scheduling-1] c.i.t.scheduler.NotificationScheduler    : Running daily overdue reminder job...
2026-05-19T00:14:30.015+05:30  INFO 16004 --- [regulatory-change-management-backend] [scheduling-1] c.i.t.scheduler.NotificationScheduler    : Finished processing 0 overdue items.
2026-05-19T00:14:30.015+05:30  INFO 16004 --- [regulatory-change-management-backend] [scheduling-1] c.i.t.scheduler.NotificationScheduler    : Running advance deadline alert job...
2026-05-19T00:14:30.026+05:30  INFO 16004 --- [regulatory-change-management-backend] [scheduling-1] c.i.t.scheduler.NotificationScheduler    : Finished processing 0 upcoming items.
2026-05-19T00:14:40.003+05:30  INFO 16004 --- [regulatory-change-management-backend] [scheduling-1] c.i.t.scheduler.NotificationScheduler    : Running advance deadline alert job...
2026-05-19T00:14:40.003+05:30  INFO 16004 --- [regulatory-change-management-backend] [scheduling-1] c.i.t.scheduler.NotificationScheduler    : Finished processing 0 upcoming items.
2026-05-19T00:14:40.003+05:30  INFO 16004 --- [regulatory-change-management-backend] [scheduling-1] c.i.t.scheduler.NotificationScheduler    : Running daily overdue reminder job...
2026-05-19T00:14:40.003+05:30  INFO 16004 --- [regulatory-change-management-backend] [scheduling-1] c.i.t.scheduler.NotificationScheduler    : Finished processing 0 overdue items.
2026-05-19T00:14:50.010+05:30  INFO 16004 --- [regulatory-change-management-backend] [scheduling-1] c.i.t.scheduler.NotificationScheduler    : Running advance deadline alert job...
2026-05-19T00:14:50.010+05:30  INFO 16004 --- [regulatory-change-management-backend] [scheduling-1] c.i.t.scheduler.NotificationScheduler    : Finished processing 0 upcoming items.
2026-05-19T00:14:50.010+05:30  INFO 16004 --- [regulatory-change-management-backend] [scheduling-1] c.i.t.scheduler.NotificationScheduler    : Running daily overdue reminder job...
2026-05-19T00:14:50.019+05:30  INFO 16004 --- [regulatory-change-management-backend] [scheduling-1] c.i.t.scheduler.NotificationScheduler    : Finished processing 0 overdue items.
2026-05-19T00:15:00.016+05:30  INFO 16004 --- [regulatory-change-management-backend] [scheduling-1] c.i.t.scheduler.NotificationScheduler    : Running daily overdue reminder job...
2026-05-19T00:15:00.016+05:30  INFO 16004 --- [regulatory-change-management-backend] [scheduling-1] c.i.t.scheduler.NotificationScheduler    : Finished processing 0 overdue items.
2026-05-19T00:15:00.016+05:30  INFO 16004 --- [regulatory-change-management-backend] [scheduling-1] c.i.t.scheduler.NotificationScheduler    : Running advance deadline alert job...
2026-05-19T00:15:00.016+05:30  INFO 16004 --- [regulatory-change-management-backend] [scheduling-1] c.i.t.scheduler.NotificationScheduler    : Finished processing 0 upcoming items.
2026-05-19T00:15:10.008+05:30  INFO 16004 --- [regulatory-change-management-backend] [scheduling-1] c.i.t.scheduler.NotificationScheduler    : Running daily overdue reminder job...
2026-05-19T00:15:10.012+05:30  INFO 16004 --- [regulatory-change-management-backend] [scheduling-1] c.i.t.scheduler.NotificationScheduler    : Finished processing 0 overdue items.
2026-05-19T00:15:10.014+05:30  INFO 16004 --- [regulatory-change-management-backend] [scheduling-1] c.i.t.scheduler.NotificationScheduler    : Running advance deadline alert job...
2026-05-19T00:15:10.018+05:30  INFO 16004 --- [regulatory-change-management-backend] [scheduling-1] c.i.t.scheduler.NotificationScheduler    : Finished processing 0 upcoming items.
2026-05-19T00:15:20.008+05:30  INFO 16004 --- [regulatory-change-management-backend] [scheduling-1] c.i.t.scheduler.NotificationScheduler    : Running advance deadline alert job...
2026-05-19T00:15:20.008+05:30  INFO 16004 --- [regulatory-change-management-backend] [scheduling-1] c.i.t.scheduler.NotificationScheduler    : Finished processing 0 upcoming items.
2026-05-19T00:15:20.008+05:30  INFO 16004 --- [regulatory-change-management-backend] [scheduling-1] c.i.t.scheduler.NotificationScheduler    : Running daily overdue reminder job...
2026-05-19T00:15:20.008+05:30  INFO 16004 --- [regulatory-change-management-backend] [scheduling-1] c.i.t.scheduler.NotificationScheduler    : Finished processing 0 overdue items.
2026-05-19T00:15:30.007+05:30  INFO 16004 --- [regulatory-change-management-backend] [scheduling-1] c.i.t.scheduler.NotificationScheduler    : Running advance deadline alert job...
2026-05-19T00:15:30.007+05:30  INFO 16004 --- [regulatory-change-management-backend] [scheduling-1] c.i.t.scheduler.NotificationScheduler    : Finished processing 0 upcoming items.
2026-05-19T00:15:30.007+05:30  INFO 16004 --- [regulatory-change-management-backend] [scheduling-1] c.i.t.scheduler.NotificationScheduler    : Running daily overdue reminder job...
2026-05-19T00:15:30.007+05:30  INFO 16004 --- [regulatory-change-management-backend] [scheduling-1] c.i.t.scheduler.NotificationScheduler    : Finished processing 0 overdue items.
2026-05-19T00:15:40.014+05:30  INFO 16004 --- [regulatory-change-management-backend] [scheduling-1] c.i.t.scheduler.NotificationScheduler    : Running advance deadline alert job...
2026-05-19T00:15:40.014+05:30  INFO 16004 --- [regulatory-change-management-backend] [scheduling-1] c.i.t.scheduler.NotificationScheduler    : Finished processing 0 upcoming items.
2026-05-19T00:15:40.014+05:30  INFO 16004 --- [regulatory-change-management-backend] [scheduling-1] c.i.t.scheduler.NotificationScheduler    : Running daily overdue reminder job...
2026-05-19T00:15:40.014+05:30  INFO 16004 --- [regulatory-change-management-backend] [scheduling-1] c.i.t.scheduler.NotificationScheduler    : Finished processing 0 overdue items.
2026-05-19T00:15:50.014+05:30  INFO 16004 --- [regulatory-change-management-backend] [scheduling-1] c.i.t.scheduler.NotificationScheduler    : Running advance deadline alert job...
2026-05-19T00:15:50.014+05:30  INFO 16004 --- [regulatory-change-management-backend] [scheduling-1] c.i.t.scheduler.NotificationScheduler    : Finished processing 0 upcoming items.
2026-05-19T00:15:50.014+05:30  INFO 16004 --- [regulatory-change-management-backend] [scheduling-1] c.i.t.scheduler.NotificationScheduler    : Running daily overdue reminder job...
2026-05-19T00:15:50.014+05:30  INFO 16004 --- [regulatory-change-management-backend] [scheduling-1] c.i.t.scheduler.NotificationScheduler    : Finished processing 0 overdue items.
2026-05-19T00:16:00.016+05:30  INFO 16004 --- [regulatory-change-management-backend] [scheduling-1] c.i.t.scheduler.NotificationScheduler    : Running advance deadline alert job...
2026-05-19T00:16:00.022+05:30  INFO 16004 --- [regulatory-change-management-backend] [scheduling-1] c.i.t.scheduler.NotificationScheduler    : Finished processing 0 upcoming items.
2026-05-19T00:16:00.024+05:30  INFO 16004 --- [regulatory-change-management-backend] [scheduling-1] c.i.t.scheduler.NotificationScheduler    : Running daily overdue reminder job...
2026-05-19T00:16:00.030+05:30  INFO 16004 --- [regulatory-change-management-backend] [scheduling-1] c.i.t.scheduler.NotificationScheduler    : Finished processing 0 overdue items.
2026-05-19T00:16:10.013+05:30  INFO 16004 --- [regulatory-change-management-backend] [scheduling-1] c.i.t.scheduler.NotificationScheduler    : Running advance deadline alert job...
2026-05-19T00:16:10.013+05:30  INFO 16004 --- [regulatory-change-management-backend] [scheduling-1] c.i.t.scheduler.NotificationScheduler    : Finished processing 0 upcoming items.
2026-05-19T00:16:10.013+05:30  INFO 16004 --- [regulatory-change-management-backend] [scheduling-1] c.i.t.scheduler.NotificationScheduler    : Running daily overdue reminder job...
2026-05-19T00:16:10.013+05:30  INFO 16004 --- [regulatory-change-management-backend] [scheduling-1] c.i.t.scheduler.NotificationScheduler    : Finished processing 0 overdue items.
2026-05-19T00:16:20.006+05:30  INFO 16004 --- [regulatory-change-management-backend] [scheduling-1] c.i.t.scheduler.NotificationScheduler    : Running advance deadline alert job...
2026-05-19T00:16:20.006+05:30  INFO 16004 --- [regulatory-change-management-backend] [scheduling-1] c.i.t.scheduler.NotificationScheduler    : Finished processing 0 upcoming items.
2026-05-19T00:16:20.006+05:30  INFO 16004 --- [regulatory-change-management-backend] [scheduling-1] c.i.t.scheduler.NotificationScheduler    : Running daily overdue reminder job...
2026-05-19T00:16:20.006+05:30  INFO 16004 --- [regulatory-change-management-backend] [scheduling-1] c.i.t.scheduler.NotificationScheduler    : Finished processing 0 overdue items.
2026-05-19T00:16:30.017+05:30  INFO 16004 --- [regulatory-change-management-backend] [scheduling-1] c.i.t.scheduler.NotificationScheduler    : Running advance deadline alert job...
2026-05-19T00:16:30.020+05:30  INFO 16004 --- [regulatory-change-management-backend] [scheduling-1] c.i.t.scheduler.NotificationScheduler    : Finished processing 0 upcoming items.
2026-05-19T00:16:30.020+05:30  INFO 16004 --- [regulatory-change-management-backend] [scheduling-1] c.i.t.scheduler.NotificationScheduler    : Running daily overdue reminder job...
2026-05-19T00:16:30.020+05:30  INFO 16004 --- [regulatory-change-management-backend] [scheduling-1] c.i.t.scheduler.NotificationScheduler    : Finished processing 0 overdue items.
2026-05-19T00:16:40.011+05:30  INFO 16004 --- [regulatory-change-management-backend] [scheduling-1] c.i.t.scheduler.NotificationScheduler    : Running advance deadline alert job...
2026-05-19T00:16:40.011+05:30  INFO 16004 --- [regulatory-change-management-backend] [scheduling-1] c.i.t.scheduler.NotificationScheduler    : Finished processing 0 upcoming items.
2026-05-19T00:16:40.011+05:30  INFO 16004 --- [regulatory-change-management-backend] [scheduling-1] c.i.t.scheduler.NotificationScheduler    : Running daily overdue reminder job...
2026-05-19T00:16:40.011+05:30  INFO 16004 --- [regulatory-change-management-backend] [scheduling-1] c.i.t.scheduler.NotificationScheduler    : Finished processing 0 overdue items.
2026-05-19T00:16:50.015+05:30  INFO 16004 --- [regulatory-change-management-backend] [scheduling-1] c.i.t.scheduler.NotificationScheduler    : Running advance deadline alert job...
2026-05-19T00:16:50.021+05:30  INFO 16004 --- [regulatory-change-management-backend] [scheduling-1] c.i.t.scheduler.NotificationScheduler    : Finished processing 0 upcoming items.
2026-05-19T00:16:50.022+05:30  INFO 16004 --- [regulatory-change-management-backend] [scheduling-1] c.i.t.scheduler.NotificationScheduler    : Running daily overdue reminder job...
2026-05-19T00:16:50.025+05:30  INFO 16004 --- [regulatory-change-management-backend] [scheduling-1] c.i.t.scheduler.NotificationScheduler    : Finished processing 0 overdue items.
2026-05-19T00:17:00.008+05:30  INFO 16004 --- [regulatory-change-management-backend] [scheduling-1] c.i.t.scheduler.NotificationScheduler    : Running advance deadline alert job...
2026-05-19T00:17:00.013+05:30  INFO 16004 --- [regulatory-change-management-backend] [scheduling-1] c.i.t.scheduler.NotificationScheduler    : Finished processing 0 upcoming items.
2026-05-19T00:17:00.016+05:30  INFO 16004 --- [regulatory-change-management-backend] [scheduling-1] c.i.t.scheduler.NotificationScheduler    : Running daily overdue reminder job...
2026-05-19T00:17:00.022+05:30  INFO 16004 --- [regulatory-change-management-backend] [scheduling-1] c.i.t.scheduler.NotificationScheduler    : Finished processing 0 overdue items.
2026-05-19T00:17:10.004+05:30  INFO 16004 --- [regulatory-change-management-backend] [scheduling-1] c.i.t.scheduler.NotificationScheduler    : Running advance deadline alert job...
2026-05-19T00:17:10.004+05:30  INFO 16004 --- [regulatory-change-management-backend] [scheduling-1] c.i.t.scheduler.NotificationScheduler    : Finished processing 0 upcoming items.
2026-05-19T00:17:10.004+05:30  INFO 16004 --- [regulatory-change-management-backend] [scheduling-1] c.i.t.scheduler.NotificationScheduler    : Running daily overdue reminder job...
2026-05-19T00:17:10.012+05:30  INFO 16004 --- [regulatory-change-management-backend] [scheduling-1] c.i.t.scheduler.NotificationScheduler    : Finished processing 0 overdue items.
2026-05-19T00:17:20.012+05:30  INFO 16004 --- [regulatory-change-management-backend] [scheduling-1] c.i.t.scheduler.NotificationScheduler    : Running daily overdue reminder job...
2026-05-19T00:17:20.012+05:30  INFO 16004 --- [regulatory-change-management-backend] [scheduling-1] c.i.t.scheduler.NotificationScheduler    : Finished processing 0 overdue items.
2026-05-19T00:17:20.012+05:30  INFO 16004 --- [regulatory-change-management-backend] [scheduling-1] c.i.t.scheduler.NotificationScheduler    : Running advance deadline alert job...
2026-05-19T00:17:20.012+05:30  INFO 16004 --- [regulatory-change-management-backend] [scheduling-1] c.i.t.scheduler.NotificationScheduler    : Finished processing 0 upcoming items.
2026-05-19T00:17:30.004+05:30  INFO 16004 --- [regulatory-change-management-backend] [scheduling-1] c.i.t.scheduler.NotificationScheduler    : Running daily overdue reminder job...
2026-05-19T00:17:30.004+05:30  INFO 16004 --- [regulatory-change-management-backend] [scheduling-1] c.i.t.scheduler.NotificationScheduler    : Finished processing 0 overdue items.
2026-05-19T00:17:30.004+05:30  INFO 16004 --- [regulatory-change-management-backend] [scheduling-1] c.i.t.scheduler.NotificationScheduler    : Running advance deadline alert job...
2026-05-19T00:17:30.010+05:30  INFO 16004 --- [regulatory-change-management-backend] [scheduling-1] c.i.t.scheduler.NotificationScheduler    : Finished processing 0 upcoming items.
2026-05-19T00:17:40.014+05:30  INFO 16004 --- [regulatory-change-management-backend] [scheduling-1] c.i.t.scheduler.NotificationScheduler    : Running advance deadline alert job...
2026-05-19T00:17:40.014+05:30  INFO 16004 --- [regulatory-change-management-backend] [scheduling-1] c.i.t.scheduler.NotificationScheduler    : Finished processing 0 upcoming items.
2026-05-19T00:17:40.014+05:30  INFO 16004 --- [regulatory-change-management-backend] [scheduling-1] c.i.t.scheduler.NotificationScheduler    : Running daily overdue reminder job...
2026-05-19T00:17:40.014+05:30  INFO 16004 --- [regulatory-change-management-backend] [scheduling-1] c.i.t.scheduler.NotificationScheduler    : Finished processing 0 overdue items.
2026-05-19T00:17:50.015+05:30  INFO 16004 --- [regulatory-change-management-backend] [scheduling-1] c.i.t.scheduler.NotificationScheduler    : Running advance deadline alert job...
2026-05-19T00:17:50.015+05:30  INFO 16004 --- [regulatory-change-management-backend] [scheduling-1] c.i.t.scheduler.NotificationScheduler    : Finished processing 0 upcoming items.
2026-05-19T00:17:50.015+05:30  INFO 16004 --- [regulatory-change-management-backend] [scheduling-1] c.i.t.scheduler.NotificationScheduler    : Running daily overdue reminder job...
2026-05-19T00:17:50.015+05:30  INFO 16004 --- [regulatory-change-management-backend] [scheduling-1] c.i.t.scheduler.NotificationScheduler    : Finished processing 0 overdue items.
2026-05-19T00:18:00.015+05:30  INFO 16004 --- [regulatory-change-management-backend] [scheduling-1] c.i.t.scheduler.NotificationScheduler    : Running advance deadline alert job...
2026-05-19T00:18:00.015+05:30  INFO 16004 --- [regulatory-change-management-backend] [scheduling-1] c.i.t.scheduler.NotificationScheduler    : Finished processing 0 upcoming items.
2026-05-19T00:18:00.015+05:30  INFO 16004 --- [regulatory-change-management-backend] [scheduling-1] c.i.t.scheduler.NotificationScheduler    : Running daily overdue reminder job...
2026-05-19T00:18:00.015+05:30  INFO 16004 --- [regulatory-change-management-backend] [scheduling-1] c.i.t.scheduler.NotificationScheduler    : Finished processing 0 overdue items.
2026-05-19T00:18:10.022+05:30  INFO 16004 --- [regulatory-change-management-backend] [scheduling-1] c.i.t.scheduler.NotificationScheduler    : Running advance deadline alert job...
2026-05-19T00:18:10.024+05:30  INFO 16004 --- [regulatory-change-management-backend] [scheduling-1] c.i.t.scheduler.NotificationScheduler    : Finished processing 0 upcoming items.
2026-05-19T00:18:10.024+05:30  INFO 16004 --- [regulatory-change-management-backend] [scheduling-1] c.i.t.scheduler.NotificationScheduler    : Running daily overdue reminder job...
2026-05-19T00:18:10.024+05:30  INFO 16004 --- [regulatory-change-management-backend] [scheduling-1] c.i.t.scheduler.NotificationScheduler    : Finished processing 0 overdue items.
2026-05-19T00:18:20.018+05:30  INFO 16004 --- [regulatory-change-management-backend] [scheduling-1] c.i.t.scheduler.NotificationScheduler    : Running advance deadline alert job...
2026-05-19T00:18:20.021+05:30  INFO 16004 --- [regulatory-change-management-backend] [scheduling-1] c.i.t.scheduler.NotificationScheduler    : Finished processing 0 upcoming items.
2026-05-19T00:18:20.021+05:30  INFO 16004 --- [regulatory-change-management-backend] [scheduling-1] c.i.t.scheduler.NotificationScheduler    : Running daily overdue reminder job...
2026-05-19T00:18:20.021+05:30  INFO 16004 --- [regulatory-change-management-backend] [scheduling-1] c.i.t.scheduler.NotificationScheduler    : Finished processing 0 overdue items.
2026-05-19T00:18:30.011+05:30  INFO 16004 --- [regulatory-change-management-backend] [scheduling-1] c.i.t.scheduler.NotificationScheduler    : Running advance deadline alert job...
2026-05-19T00:18:30.015+05:30  INFO 16004 --- [regulatory-change-management-backend] [scheduling-1] c.i.t.scheduler.NotificationScheduler    : Finished processing 0 upcoming items.
2026-05-19T00:18:30.015+05:30  INFO 16004 --- [regulatory-change-management-backend] [scheduling-1] c.i.t.scheduler.NotificationScheduler    : Running daily overdue reminder job...
2026-05-19T00:18:30.015+05:30  INFO 16004 --- [regulatory-change-management-backend] [scheduling-1] c.i.t.scheduler.NotificationScheduler    : Finished processing 0 overdue items.
2026-05-19T00:18:40.009+05:30  INFO 16004 --- [regulatory-change-management-backend] [scheduling-1] c.i.t.scheduler.NotificationScheduler    : Running advance deadline alert job...
2026-05-19T00:18:40.009+05:30  INFO 16004 --- [regulatory-change-management-backend] [scheduling-1] c.i.t.scheduler.NotificationScheduler    : Finished processing 0 upcoming items.
2026-05-19T00:18:40.009+05:30  INFO 16004 --- [regulatory-change-management-backend] [scheduling-1] c.i.t.scheduler.NotificationScheduler    : Running daily overdue reminder job...
2026-05-19T00:18:40.009+05:30  INFO 16004 --- [regulatory-change-management-backend] [scheduling-1] c.i.t.scheduler.NotificationScheduler    : Finished processing 0 overdue items.
2026-05-19T00:18:50.012+05:30  INFO 16004 --- [regulatory-change-management-backend] [scheduling-1] c.i.t.scheduler.NotificationScheduler    : Running advance deadline alert job...
2026-05-19T00:18:50.014+05:30  INFO 16004 --- [regulatory-change-management-backend] [scheduling-1] c.i.t.scheduler.NotificationScheduler    : Finished processing 0 upcoming items.
2026-05-19T00:18:50.014+05:30  INFO 16004 --- [regulatory-change-management-backend] [scheduling-1] c.i.t.scheduler.NotificationScheduler    : Running daily overdue reminder job...
2026-05-19T00:18:50.014+05:30  INFO 16004 --- [regulatory-change-management-backend] [scheduling-1] c.i.t.scheduler.NotificationScheduler    : Finished processing 0 overdue items.
2026-05-19T00:19:00.011+05:30  INFO 16004 --- [regulatory-change-management-backend] [scheduling-1] c.i.t.scheduler.NotificationScheduler    : Running advance deadline alert job...
2026-05-19T00:19:00.011+05:30  INFO 16004 --- [regulatory-change-management-backend] [scheduling-1] c.i.t.scheduler.NotificationScheduler    : Finished processing 0 upcoming items.
2026-05-19T00:19:00.011+05:30  INFO 16004 --- [regulatory-change-management-backend] [scheduling-1] c.i.t.scheduler.NotificationScheduler    : Running daily overdue reminder job...
2026-05-19T00:19:00.011+05:30  INFO 16004 --- [regulatory-change-management-backend] [scheduling-1] c.i.t.scheduler.NotificationScheduler    : Finished processing 0 overdue items.
2026-05-19T00:19:10.016+05:30  INFO 16004 --- [regulatory-change-management-backend] [scheduling-1] c.i.t.scheduler.NotificationScheduler    : Running advance deadline alert job...
2026-05-19T00:19:10.016+05:30  INFO 16004 --- [regulatory-change-management-backend] [scheduling-1] c.i.t.scheduler.NotificationScheduler    : Finished processing 0 upcoming items.
2026-05-19T00:19:10.016+05:30  INFO 16004 --- [regulatory-change-management-backend] [scheduling-1] c.i.t.scheduler.NotificationScheduler    : Running daily overdue reminder job...
2026-05-19T00:19:10.016+05:30  INFO 16004 --- [regulatory-change-management-backend] [scheduling-1] c.i.t.scheduler.NotificationScheduler    : Finished processing 0 overdue items.
2026-05-19T00:19:20.011+05:30  INFO 16004 --- [regulatory-change-management-backend] [scheduling-1] c.i.t.scheduler.NotificationScheduler    : Running advance deadline alert job...
2026-05-19T00:19:20.016+05:30  INFO 16004 --- [regulatory-change-management-backend] [scheduling-1] c.i.t.scheduler.NotificationScheduler    : Finished processing 0 upcoming items.
2026-05-19T00:19:20.017+05:30  INFO 16004 --- [regulatory-change-management-backend] [scheduling-1] c.i.t.scheduler.NotificationScheduler    : Running daily overdue reminder job...
2026-05-19T00:19:20.020+05:30  INFO 16004 --- [regulatory-change-management-backend] [scheduling-1] c.i.t.scheduler.NotificationScheduler    : Finished processing 0 overdue items.
2026-05-19T00:19:30.005+05:30  INFO 16004 --- [regulatory-change-management-backend] [scheduling-1] c.i.t.scheduler.NotificationScheduler    : Running daily overdue reminder job...
2026-05-19T00:19:30.005+05:30  INFO 16004 --- [regulatory-change-management-backend] [scheduling-1] c.i.t.scheduler.NotificationScheduler    : Finished processing 0 overdue items.
2026-05-19T00:19:30.005+05:30  INFO 16004 --- [regulatory-change-management-backend] [scheduling-1] c.i.t.scheduler.NotificationScheduler    : Running advance deadline alert job...
2026-05-19T00:19:30.005+05:30  INFO 16004 --- [regulatory-change-management-backend] [scheduling-1] c.i.t.scheduler.NotificationScheduler    : Finished processing 0 upcoming items.
2026-05-19T00:19:40.016+05:30  INFO 16004 --- [regulatory-change-management-backend] [scheduling-1] c.i.t.scheduler.NotificationScheduler    : Running daily overdue reminder job...
2026-05-19T00:19:40.017+05:30  INFO 16004 --- [regulatory-change-management-backend] [scheduling-1] c.i.t.scheduler.NotificationScheduler    : Finished processing 0 overdue items.
2026-05-19T00:19:40.017+05:30  INFO 16004 --- [regulatory-change-management-backend] [scheduling-1] c.i.t.scheduler.NotificationScheduler    : Running advance deadline alert job...
2026-05-19T00:19:40.017+05:30  INFO 16004 --- [regulatory-change-management-backend] [scheduling-1] c.i.t.scheduler.NotificationScheduler    : Finished processing 0 upcoming items.
2026-05-19T00:19:50.011+05:30  INFO 16004 --- [regulatory-change-management-backend] [scheduling-1] c.i.t.scheduler.NotificationScheduler    : Running daily overdue reminder job...
2026-05-19T00:19:50.011+05:30  INFO 16004 --- [regulatory-change-management-backend] [scheduling-1] c.i.t.scheduler.NotificationScheduler    : Finished processing 0 overdue items.
2026-05-19T00:19:50.011+05:30  INFO 16004 --- [regulatory-change-management-backend] [scheduling-1] c.i.t.scheduler.NotificationScheduler    : Running advance deadline alert job...
2026-05-19T00:19:50.019+05:30  INFO 16004 --- [regulatory-change-management-backend] [scheduling-1] c.i.t.scheduler.NotificationScheduler    : Finished processing 0 upcoming items.
2026-05-19T00:20:00.001+05:30  INFO 16004 --- [regulatory-change-management-backend] [scheduling-1] c.i.t.scheduler.NotificationScheduler    : Running advance deadline alert job...
2026-05-19T00:20:00.008+05:30  INFO 16004 --- [regulatory-change-management-backend] [scheduling-1] c.i.t.scheduler.NotificationScheduler    : Finished processing 0 upcoming items.
2026-05-19T00:20:00.008+05:30  INFO 16004 --- [regulatory-change-management-backend] [scheduling-1] c.i.t.scheduler.NotificationScheduler    : Running daily overdue reminder job...
2026-05-19T00:20:00.010+05:30  INFO 16004 --- [regulatory-change-management-backend] [scheduling-1] c.i.t.scheduler.NotificationScheduler    : Finished processing 0 overdue items.
2026-05-19T00:20:10.006+05:30  INFO 16004 --- [regulatory-change-management-backend] [scheduling-1] c.i.t.scheduler.NotificationScheduler    : Running daily overdue reminder job...
2026-05-19T00:20:10.009+05:30  INFO 16004 --- [regulatory-change-management-backend] [scheduling-1] c.i.t.scheduler.NotificationScheduler    : Finished processing 0 overdue items.
2026-05-19T00:20:10.009+05:30  INFO 16004 --- [regulatory-change-management-backend] [scheduling-1] c.i.t.scheduler.NotificationScheduler    : Running advance deadline alert job...
2026-05-19T00:20:10.009+05:30  INFO 16004 --- [regulatory-change-management-backend] [scheduling-1] c.i.t.scheduler.NotificationScheduler    : Finished processing 0 upcoming items.
2026-05-19T00:20:20.007+05:30  INFO 16004 --- [regulatory-change-management-backend] [scheduling-1] c.i.t.scheduler.NotificationScheduler    : Running daily overdue reminder job...
2026-05-19T00:20:20.007+05:30  INFO 16004 --- [regulatory-change-management-backend] [scheduling-1] c.i.t.scheduler.NotificationScheduler    : Finished processing 0 overdue items.
2026-05-19T00:20:20.007+05:30  INFO 16004 --- [regulatory-change-management-backend] [scheduling-1] c.i.t.scheduler.NotificationScheduler    : Running advance deadline alert job...
2026-05-19T00:20:20.007+05:30  INFO 16004 --- [regulatory-change-management-backend] [scheduling-1] c.i.t.scheduler.NotificationScheduler    : Finished processing 0 upcoming items.
2026-05-19T00:20:30.011+05:30  INFO 16004 --- [regulatory-change-management-backend] [scheduling-1] c.i.t.scheduler.NotificationScheduler    : Running daily overdue reminder job...
2026-05-19T00:20:30.011+05:30  INFO 16004 --- [regulatory-change-management-backend] [scheduling-1] c.i.t.scheduler.NotificationScheduler    : Finished processing 0 overdue items.
2026-05-19T00:20:30.011+05:30  INFO 16004 --- [regulatory-change-management-backend] [scheduling-1] c.i.t.scheduler.NotificationScheduler    : Running advance deadline alert job...
2026-05-19T00:20:30.011+05:30  INFO 16004 --- [regulatory-change-management-backend] [scheduling-1] c.i.t.scheduler.NotificationScheduler    : Finished processing 0 upcoming items.
2026-05-19T00:20:40.006+05:30  INFO 16004 --- [regulatory-change-management-backend] [scheduling-1] c.i.t.scheduler.NotificationScheduler    : Running daily overdue reminder job...
2026-05-19T00:20:40.006+05:30  INFO 16004 --- [regulatory-change-management-backend] [scheduling-1] c.i.t.scheduler.NotificationScheduler    : Finished processing 0 overdue items.
2026-05-19T00:20:40.006+05:30  INFO 16004 --- [regulatory-change-management-backend] [scheduling-1] c.i.t.scheduler.NotificationScheduler    : Running advance deadline alert job...
2026-05-19T00:20:40.006+05:30  INFO 16004 --- [regulatory-change-management-backend] [scheduling-1] c.i.t.scheduler.NotificationScheduler    : Finished processing 0 upcoming items.
2026-05-19T00:20:50.005+05:30  INFO 16004 --- [regulatory-change-management-backend] [scheduling-1] c.i.t.scheduler.NotificationScheduler    : Running daily overdue reminder job...
2026-05-19T00:20:50.005+05:30  INFO 16004 --- [regulatory-change-management-backend] [scheduling-1] c.i.t.scheduler.NotificationScheduler    : Finished processing 0 overdue items.
2026-05-19T00:20:50.005+05:30  INFO 16004 --- [regulatory-change-management-backend] [scheduling-1] c.i.t.scheduler.NotificationScheduler    : Running advance deadline alert job...
2026-05-19T00:20:50.005+05:30  INFO 16004 --- [regulatory-change-management-backend] [scheduling-1] c.i.t.scheduler.NotificationScheduler    : Finished processing 0 upcoming items.
2026-05-19T00:21:00.003+05:30  INFO 16004 --- [regulatory-change-management-backend] [scheduling-1] c.i.t.scheduler.NotificationScheduler    : Running daily overdue reminder job...
2026-05-19T00:21:00.007+05:30  INFO 16004 --- [regulatory-change-management-backend] [scheduling-1] c.i.t.scheduler.NotificationScheduler    : Finished processing 0 overdue items.
2026-05-19T00:21:00.009+05:30  INFO 16004 --- [regulatory-change-management-backend] [scheduling-1] c.i.t.scheduler.NotificationScheduler    : Running advance deadline alert job...
2026-05-19T00:21:00.013+05:30  INFO 16004 --- [regulatory-change-management-backend] [scheduling-1] c.i.t.scheduler.NotificationScheduler    : Finished processing 0 upcoming items.
2026-05-19T00:21:10.013+05:30  INFO 16004 --- [regulatory-change-management-backend] [scheduling-1] c.i.t.scheduler.NotificationScheduler    : Running daily overdue reminder job...
2026-05-19T00:21:10.016+05:30  INFO 16004 --- [regulatory-change-management-backend] [scheduling-1] c.i.t.scheduler.NotificationScheduler    : Finished processing 0 overdue items.
2026-05-19T00:21:10.016+05:30  INFO 16004 --- [regulatory-change-management-backend] [scheduling-1] c.i.t.scheduler.NotificationScheduler    : Running advance deadline alert job...
2026-05-19T00:21:10.025+05:30  INFO 16004 --- [regulatory-change-management-backend] [scheduling-1] c.i.t.scheduler.NotificationScheduler    : Finished processing 0 upcoming items.
2026-05-19T00:21:20.007+05:30  INFO 16004 --- [regulatory-change-management-backend] [scheduling-1] c.i.t.scheduler.NotificationScheduler    : Running advance deadline alert job...
2026-05-19T00:21:20.007+05:30  INFO 16004 --- [regulatory-change-management-backend] [scheduling-1] c.i.t.scheduler.NotificationScheduler    : Finished processing 0 upcoming items.
2026-05-19T00:21:20.013+05:30  INFO 16004 --- [regulatory-change-management-backend] [scheduling-1] c.i.t.scheduler.NotificationScheduler    : Running daily overdue reminder job...
2026-05-19T00:21:20.015+05:30  INFO 16004 --- [regulatory-change-management-backend] [scheduling-1] c.i.t.scheduler.NotificationScheduler    : Finished processing 0 overdue items.
2026-05-19T00:21:30.006+05:30  INFO 16004 --- [regulatory-change-management-backend] [scheduling-1] c.i.t.scheduler.NotificationScheduler    : Running daily overdue reminder job...
2026-05-19T00:21:30.006+05:30  INFO 16004 --- [regulatory-change-management-backend] [scheduling-1] c.i.t.scheduler.NotificationScheduler    : Finished processing 0 overdue items.
2026-05-19T00:21:30.013+05:30  INFO 16004 --- [regulatory-change-management-backend] [scheduling-1] c.i.t.scheduler.NotificationScheduler    : Running advance deadline alert job...
2026-05-19T00:21:30.017+05:30  INFO 16004 --- [regulatory-change-management-backend] [scheduling-1] c.i.t.scheduler.NotificationScheduler    : Finished processing 0 upcoming items.
2026-05-19T00:21:40.010+05:30  INFO 16004 --- [regulatory-change-management-backend] [scheduling-1] c.i.t.scheduler.NotificationScheduler    : Running advance deadline alert job...
2026-05-19T00:21:40.010+05:30  INFO 16004 --- [regulatory-change-management-backend] [scheduling-1] c.i.t.scheduler.NotificationScheduler    : Finished processing 0 upcoming items.
2026-05-19T00:21:40.010+05:30  INFO 16004 --- [regulatory-change-management-backend] [scheduling-1] c.i.t.scheduler.NotificationScheduler    : Running daily overdue reminder job...
2026-05-19T00:21:40.010+05:30  INFO 16004 --- [regulatory-change-management-backend] [scheduling-1] c.i.t.scheduler.NotificationScheduler    : Finished processing 0 overdue items.
2026-05-19T00:21:50.008+05:30  INFO 16004 --- [regulatory-change-management-backend] [scheduling-1] c.i.t.scheduler.NotificationScheduler    : Running advance deadline alert job...
2026-05-19T00:21:50.009+05:30  INFO 16004 --- [regulatory-change-management-backend] [scheduling-1] c.i.t.scheduler.NotificationScheduler    : Finished processing 0 upcoming items.
2026-05-19T00:21:50.009+05:30  INFO 16004 --- [regulatory-change-management-backend] [scheduling-1] c.i.t.scheduler.NotificationScheduler    : Running daily overdue reminder job...
2026-05-19T00:21:50.009+05:30  INFO 16004 --- [regulatory-change-management-backend] [scheduling-1] c.i.t.scheduler.NotificationScheduler    : Finished processing 0 overdue items.
2026-05-19T00:22:00.019+05:30  INFO 16004 --- [regulatory-change-management-backend] [scheduling-1] c.i.t.scheduler.NotificationScheduler    : Running advance deadline alert job...
2026-05-19T00:22:00.019+05:30  INFO 16004 --- [regulatory-change-management-backend] [scheduling-1] c.i.t.scheduler.NotificationScheduler    : Finished processing 0 upcoming items.
2026-05-19T00:22:00.019+05:30  INFO 16004 --- [regulatory-change-management-backend] [scheduling-1] c.i.t.scheduler.NotificationScheduler    : Running daily overdue reminder job...
2026-05-19T00:22:00.019+05:30  INFO 16004 --- [regulatory-change-management-backend] [scheduling-1] c.i.t.scheduler.NotificationScheduler    : Finished processing 0 overdue items.
2026-05-19T00:22:10.019+05:30  INFO 16004 --- [regulatory-change-management-backend] [scheduling-1] c.i.t.scheduler.NotificationScheduler    : Running advance deadline alert job...
2026-05-19T00:22:10.019+05:30  INFO 16004 --- [regulatory-change-management-backend] [scheduling-1] c.i.t.scheduler.NotificationScheduler    : Finished processing 0 upcoming items.
2026-05-19T00:22:10.019+05:30  INFO 16004 --- [regulatory-change-management-backend] [scheduling-1] c.i.t.scheduler.NotificationScheduler    : Running daily overdue reminder job...
2026-05-19T00:22:10.019+05:30  INFO 16004 --- [regulatory-change-management-backend] [scheduling-1] c.i.t.scheduler.NotificationScheduler    : Finished processing 0 overdue items.
2026-05-19T00:22:20.016+05:30  INFO 16004 --- [regulatory-change-management-backend] [scheduling-1] c.i.t.scheduler.NotificationScheduler    : Running advance deadline alert job...
2026-05-19T00:22:20.022+05:30  INFO 16004 --- [regulatory-change-management-backend] [scheduling-1] c.i.t.scheduler.NotificationScheduler    : Finished processing 0 upcoming items.
2026-05-19T00:22:20.022+05:30  INFO 16004 --- [regulatory-change-management-backend] [scheduling-1] c.i.t.scheduler.NotificationScheduler    : Running daily overdue reminder job...
2026-05-19T00:22:20.026+05:30  INFO 16004 --- [regulatory-change-management-backend] [scheduling-1] c.i.t.scheduler.NotificationScheduler    : Finished processing 0 overdue items.
2026-05-19T00:22:30.005+05:30  INFO 16004 --- [regulatory-change-management-backend] [scheduling-1] c.i.t.scheduler.NotificationScheduler    : Running daily overdue reminder job...
2026-05-19T00:22:30.005+05:30  INFO 16004 --- [regulatory-change-management-backend] [scheduling-1] c.i.t.scheduler.NotificationScheduler    : Finished processing 0 overdue items.
2026-05-19T00:22:30.005+05:30  INFO 16004 --- [regulatory-change-management-backend] [scheduling-1] c.i.t.scheduler.NotificationScheduler    : Running advance deadline alert job...
2026-05-19T00:22:30.005+05:30  INFO 16004 --- [regulatory-change-management-backend] [scheduling-1] c.i.t.scheduler.NotificationScheduler    : Finished processing 0 upcoming items.
2026-05-19T00:22:40.009+05:30  INFO 16004 --- [regulatory-change-management-backend] [scheduling-1] c.i.t.scheduler.NotificationScheduler    : Running daily overdue reminder job...
2026-05-19T00:22:40.009+05:30  INFO 16004 --- [regulatory-change-management-backend] [scheduling-1] c.i.t.scheduler.NotificationScheduler    : Finished processing 0 overdue items.
2026-05-19T00:22:40.009+05:30  INFO 16004 --- [regulatory-change-management-backend] [scheduling-1] c.i.t.scheduler.NotificationScheduler    : Running advance deadline alert job...
2026-05-19T00:22:40.009+05:30  INFO 16004 --- [regulatory-change-management-backend] [scheduling-1] c.i.t.scheduler.NotificationScheduler    : Finished processing 0 upcoming items.
2026-05-19T00:22:50.008+05:30  INFO 16004 --- [regulatory-change-management-backend] [scheduling-1] c.i.t.scheduler.NotificationScheduler    : Running daily overdue reminder job...
2026-05-19T00:22:50.008+05:30  INFO 16004 --- [regulatory-change-management-backend] [scheduling-1] c.i.t.scheduler.NotificationScheduler    : Finished processing 0 overdue items.
2026-05-19T00:22:50.008+05:30  INFO 16004 --- [regulatory-change-management-backend] [scheduling-1] c.i.t.scheduler.NotificationScheduler    : Running advance deadline alert job...
2026-05-19T00:22:50.008+05:30  INFO 16004 --- [regulatory-change-management-backend] [scheduling-1] c.i.t.scheduler.NotificationScheduler    : Finished processing 0 upcoming items.
2026-05-19T00:23:00.007+05:30  INFO 16004 --- [regulatory-change-management-backend] [scheduling-1] c.i.t.scheduler.NotificationScheduler    : Running daily overdue reminder job...
2026-05-19T00:23:00.007+05:30  INFO 16004 --- [regulatory-change-management-backend] [scheduling-1] c.i.t.scheduler.NotificationScheduler    : Finished processing 0 overdue items.
2026-05-19T00:23:00.007+05:30  INFO 16004 --- [regulatory-change-management-backend] [scheduling-1] c.i.t.scheduler.NotificationScheduler    : Running advance deadline alert job...
2026-05-19T00:23:00.007+05:30  INFO 16004 --- [regulatory-change-management-backend] [scheduling-1] c.i.t.scheduler.NotificationScheduler    : Finished processing 0 upcoming items.
2026-05-19T00:23:10.015+05:30  INFO 16004 --- [regulatory-change-management-backend] [scheduling-1] c.i.t.scheduler.NotificationScheduler    : Running daily overdue reminder job...
2026-05-19T00:23:10.015+05:30  INFO 16004 --- [regulatory-change-management-backend] [scheduling-1] c.i.t.scheduler.NotificationScheduler    : Finished processing 0 overdue items.
2026-05-19T00:23:10.021+05:30  INFO 16004 --- [regulatory-change-management-backend] [scheduling-1] c.i.t.scheduler.NotificationScheduler    : Running advance deadline alert job...
2026-05-19T00:23:10.026+05:30  INFO 16004 --- [regulatory-change-management-backend] [scheduling-1] c.i.t.scheduler.NotificationScheduler    : Finished processing 0 upcoming items.
2026-05-19T00:23:20.006+05:30  INFO 16004 --- [regulatory-change-management-backend] [scheduling-1] c.i.t.scheduler.NotificationScheduler    : Running daily overdue reminder job...
2026-05-19T00:23:20.006+05:30  INFO 16004 --- [regulatory-change-management-backend] [scheduling-1] c.i.t.scheduler.NotificationScheduler    : Finished processing 0 overdue items.
2026-05-19T00:23:20.006+05:30  INFO 16004 --- [regulatory-change-management-backend] [scheduling-1] c.i.t.scheduler.NotificationScheduler    : Running advance deadline alert job...
2026-05-19T00:23:20.006+05:30  INFO 16004 --- [regulatory-change-management-backend] [scheduling-1] c.i.t.scheduler.NotificationScheduler    : Finished processing 0 upcoming items.
2026-05-19T00:23:30.004+05:30  INFO 16004 --- [regulatory-change-management-backend] [scheduling-1] c.i.t.scheduler.NotificationScheduler    : Running daily overdue reminder job...
2026-05-19T00:23:30.004+05:30  INFO 16004 --- [regulatory-change-management-backend] [scheduling-1] c.i.t.scheduler.NotificationScheduler    : Finished processing 0 overdue items.
2026-05-19T00:23:30.004+05:30  INFO 16004 --- [regulatory-change-management-backend] [scheduling-1] c.i.t.scheduler.NotificationScheduler    : Running advance deadline alert job...
2026-05-19T00:23:30.009+05:30  INFO 16004 --- [regulatory-change-management-backend] [scheduling-1] c.i.t.scheduler.NotificationScheduler    : Finished processing 0 upcoming items.
2026-05-19T00:23:40.008+05:30  INFO 16004 --- [regulatory-change-management-backend] [scheduling-1] c.i.t.scheduler.NotificationScheduler    : Running advance deadline alert job...
2026-05-19T00:23:40.008+05:30  INFO 16004 --- [regulatory-change-management-backend] [scheduling-1] c.i.t.scheduler.NotificationScheduler    : Finished processing 0 upcoming items.
2026-05-19T00:23:40.008+05:30  INFO 16004 --- [regulatory-change-management-backend] [scheduling-1] c.i.t.scheduler.NotificationScheduler    : Running daily overdue reminder job...
2026-05-19T00:23:40.008+05:30  INFO 16004 --- [regulatory-change-management-backend] [scheduling-1] c.i.t.scheduler.NotificationScheduler    : Finished processing 0 overdue items.
2026-05-19T00:23:50.017+05:30  INFO 16004 --- [regulatory-change-management-backend] [scheduling-1] c.i.t.scheduler.NotificationScheduler    : Running advance deadline alert job...
2026-05-19T00:23:50.021+05:30  INFO 16004 --- [regulatory-change-management-backend] [scheduling-1] c.i.t.scheduler.NotificationScheduler    : Finished processing 0 upcoming items.
2026-05-19T00:23:50.021+05:30  INFO 16004 --- [regulatory-change-management-backend] [scheduling-1] c.i.t.scheduler.NotificationScheduler    : Running daily overdue reminder job...
2026-05-19T00:23:50.023+05:30  INFO 16004 --- [regulatory-change-management-backend] [scheduling-1] c.i.t.scheduler.NotificationScheduler    : Finished processing 0 overdue items.
2026-05-19T00:24:00.009+05:30  INFO 16004 --- [regulatory-change-management-backend] [scheduling-1] c.i.t.scheduler.NotificationScheduler    : Running advance deadline alert job...
2026-05-19T00:24:00.009+05:30  INFO 16004 --- [regulatory-change-management-backend] [scheduling-1] c.i.t.scheduler.NotificationScheduler    : Finished processing 0 upcoming items.
2026-05-19T00:24:00.015+05:30  INFO 16004 --- [regulatory-change-management-backend] [scheduling-1] c.i.t.scheduler.NotificationScheduler    : Running daily overdue reminder job...
2026-05-19T00:24:00.017+05:30  INFO 16004 --- [regulatory-change-management-backend] [scheduling-1] c.i.t.scheduler.NotificationScheduler    : Finished processing 0 overdue items.
2026-05-19T00:24:10.013+05:30  INFO 16004 --- [regulatory-change-management-backend] [scheduling-1] c.i.t.scheduler.NotificationScheduler    : Running advance deadline alert job...
2026-05-19T00:24:10.013+05:30  INFO 16004 --- [regulatory-change-management-backend] [scheduling-1] c.i.t.scheduler.NotificationScheduler    : Finished processing 0 upcoming items.
2026-05-19T00:24:10.013+05:30  INFO 16004 --- [regulatory-change-management-backend] [scheduling-1] c.i.t.scheduler.NotificationScheduler    : Running daily overdue reminder job...
2026-05-19T00:24:10.024+05:30  INFO 16004 --- [regulatory-change-management-backend] [scheduling-1] c.i.t.scheduler.NotificationScheduler    : Finished processing 0 overdue items.
2026-05-19T00:24:20.018+05:30  INFO 16004 --- [regulatory-change-management-backend] [scheduling-1] c.i.t.scheduler.NotificationScheduler    : Running daily overdue reminder job...
2026-05-19T00:24:20.018+05:30  INFO 16004 --- [regulatory-change-management-backend] [scheduling-1] c.i.t.scheduler.NotificationScheduler    : Finished processing 0 overdue items.
2026-05-19T00:24:20.018+05:30  INFO 16004 --- [regulatory-change-management-backend] [scheduling-1] c.i.t.scheduler.NotificationScheduler    : Running advance deadline alert job...
2026-05-19T00:24:20.018+05:30  INFO 16004 --- [regulatory-change-management-backend] [scheduling-1] c.i.t.scheduler.NotificationScheduler    : Finished processing 0 upcoming items.
2026-05-19T00:24:30.014+05:30  INFO 16004 --- [regulatory-change-management-backend] [scheduling-1] c.i.t.scheduler.NotificationScheduler    : Running daily overdue reminder job...
2026-05-19T00:24:30.014+05:30  INFO 16004 --- [regulatory-change-management-backend] [scheduling-1] c.i.t.scheduler.NotificationScheduler    : Finished processing 0 overdue items.
2026-05-19T00:24:30.014+05:30  INFO 16004 --- [regulatory-change-management-backend] [scheduling-1] c.i.t.scheduler.NotificationScheduler    : Running advance deadline alert job...
2026-05-19T00:24:30.021+05:30  INFO 16004 --- [regulatory-change-management-backend] [scheduling-1] c.i.t.scheduler.NotificationScheduler    : Finished processing 0 upcoming items.
2026-05-19T00:24:40.016+05:30  INFO 16004 --- [regulatory-change-management-backend] [scheduling-1] c.i.t.scheduler.NotificationScheduler    : Running advance deadline alert job...
2026-05-19T00:24:40.016+05:30  INFO 16004 --- [regulatory-change-management-backend] [scheduling-1] c.i.t.scheduler.NotificationScheduler    : Finished processing 0 upcoming items.
2026-05-19T00:24:40.016+05:30  INFO 16004 --- [regulatory-change-management-backend] [scheduling-1] c.i.t.scheduler.NotificationScheduler    : Running daily overdue reminder job...
2026-05-19T00:24:40.016+05:30  INFO 16004 --- [regulatory-change-management-backend] [scheduling-1] c.i.t.scheduler.NotificationScheduler    : Finished processing 0 overdue items.
2026-05-19T00:24:50.018+05:30  INFO 16004 --- [regulatory-change-management-backend] [scheduling-1] c.i.t.scheduler.NotificationScheduler    : Running advance deadline alert job...
2026-05-19T00:24:50.018+05:30  INFO 16004 --- [regulatory-change-management-backend] [scheduling-1] c.i.t.scheduler.NotificationScheduler    : Finished processing 0 upcoming items.
2026-05-19T00:24:50.018+05:30  INFO 16004 --- [regulatory-change-management-backend] [scheduling-1] c.i.t.scheduler.NotificationScheduler    : Running daily overdue reminder job...
2026-05-19T00:24:50.018+05:30  INFO 16004 --- [regulatory-change-management-backend] [scheduling-1] c.i.t.scheduler.NotificationScheduler    : Finished processing 0 overdue items.
2026-05-19T00:25:00.006+05:30  INFO 16004 --- [regulatory-change-management-backend] [scheduling-1] c.i.t.scheduler.NotificationScheduler    : Running advance deadline alert job...
2026-05-19T00:25:00.011+05:30  INFO 16004 --- [regulatory-change-management-backend] [scheduling-1] c.i.t.scheduler.NotificationScheduler    : Finished processing 0 upcoming items.
2026-05-19T00:25:00.013+05:30  INFO 16004 --- [regulatory-change-management-backend] [scheduling-1] c.i.t.scheduler.NotificationScheduler    : Running daily overdue reminder job...
2026-05-19T00:25:00.016+05:30  INFO 16004 --- [regulatory-change-management-backend] [scheduling-1] c.i.t.scheduler.NotificationScheduler    : Finished processing 0 overdue items.
2026-05-19T00:25:10.001+05:30  INFO 16004 --- [regulatory-change-management-backend] [scheduling-1] c.i.t.scheduler.NotificationScheduler    : Running daily overdue reminder job...
2026-05-19T00:25:10.001+05:30  INFO 16004 --- [regulatory-change-management-backend] [scheduling-1] c.i.t.scheduler.NotificationScheduler    : Finished processing 0 overdue items.
2026-05-19T00:25:10.001+05:30  INFO 16004 --- [regulatory-change-management-backend] [scheduling-1] c.i.t.scheduler.NotificationScheduler    : Running advance deadline alert job...
2026-05-19T00:25:10.006+05:30  INFO 16004 --- [regulatory-change-management-backend] [scheduling-1] c.i.t.scheduler.NotificationScheduler    : Finished processing 0 upcoming items.
2026-05-19T00:25:20.018+05:30  INFO 16004 --- [regulatory-change-management-backend] [scheduling-1] c.i.t.scheduler.NotificationScheduler    : Running advance deadline alert job...
2026-05-19T00:25:20.018+05:30  INFO 16004 --- [regulatory-change-management-backend] [scheduling-1] c.i.t.scheduler.NotificationScheduler    : Finished processing 0 upcoming items.
2026-05-19T00:25:20.018+05:30  INFO 16004 --- [regulatory-change-management-backend] [scheduling-1] c.i.t.scheduler.NotificationScheduler    : Running daily overdue reminder job...
2026-05-19T00:25:20.018+05:30  INFO 16004 --- [regulatory-change-management-backend] [scheduling-1] c.i.t.scheduler.NotificationScheduler    : Finished processing 0 overdue items.
2026-05-19T00:25:30.007+05:30  INFO 16004 --- [regulatory-change-management-backend] [scheduling-1] c.i.t.scheduler.NotificationScheduler    : Running advance deadline alert job...
2026-05-19T00:25:30.007+05:30  INFO 16004 --- [regulatory-change-management-backend] [scheduling-1] c.i.t.scheduler.NotificationScheduler    : Finished processing 0 upcoming items.
2026-05-19T00:25:30.007+05:30  INFO 16004 --- [regulatory-change-management-backend] [scheduling-1] c.i.t.scheduler.NotificationScheduler    : Running daily overdue reminder job...
2026-05-19T00:25:30.007+05:30  INFO 16004 --- [regulatory-change-management-backend] [scheduling-1] c.i.t.scheduler.NotificationScheduler    : Finished processing 0 overdue items.
2026-05-19T00:25:40.012+05:30  INFO 16004 --- [regulatory-change-management-backend] [scheduling-1] c.i.t.scheduler.NotificationScheduler    : Running advance deadline alert job...
2026-05-19T00:25:40.012+05:30  INFO 16004 --- [regulatory-change-management-backend] [scheduling-1] c.i.t.scheduler.NotificationScheduler    : Finished processing 0 upcoming items.
2026-05-19T00:25:40.012+05:30  INFO 16004 --- [regulatory-change-management-backend] [scheduling-1] c.i.t.scheduler.NotificationScheduler    : Running daily overdue reminder job...
2026-05-19T00:25:40.021+05:30  INFO 16004 --- [regulatory-change-management-backend] [scheduling-1] c.i.t.scheduler.NotificationScheduler    : Finished processing 0 overdue items.
2026-05-19T00:25:50.001+05:30  INFO 16004 --- [regulatory-change-management-backend] [scheduling-1] c.i.t.scheduler.NotificationScheduler    : Running daily overdue reminder job...
2026-05-19T00:25:50.001+05:30  INFO 16004 --- [regulatory-change-management-backend] [scheduling-1] c.i.t.scheduler.NotificationScheduler    : Finished processing 0 overdue items.
2026-05-19T00:25:50.017+05:30  INFO 16004 --- [regulatory-change-management-backend] [scheduling-1] c.i.t.scheduler.NotificationScheduler    : Running advance deadline alert job...
2026-05-19T00:25:50.017+05:30  INFO 16004 --- [regulatory-change-management-backend] [scheduling-1] c.i.t.scheduler.NotificationScheduler    : Finished processing 0 upcoming items.
2026-05-19T00:26:00.018+05:30  INFO 16004 --- [regulatory-change-management-backend] [scheduling-1] c.i.t.scheduler.NotificationScheduler    : Running daily overdue reminder job...
2026-05-19T00:26:00.018+05:30  INFO 16004 --- [regulatory-change-management-backend] [scheduling-1] c.i.t.scheduler.NotificationScheduler    : Finished processing 0 overdue items.
2026-05-19T00:26:00.018+05:30  INFO 16004 --- [regulatory-change-management-backend] [scheduling-1] c.i.t.scheduler.NotificationScheduler    : Running advance deadline alert job...
2026-05-19T00:26:00.018+05:30  INFO 16004 --- [regulatory-change-management-backend] [scheduling-1] c.i.t.scheduler.NotificationScheduler    : Finished processing 0 upcoming items.
2026-05-19T00:26:10.017+05:30  INFO 16004 --- [regulatory-change-management-backend] [scheduling-1] c.i.t.scheduler.NotificationScheduler    : Running daily overdue reminder job...
2026-05-19T00:26:10.017+05:30  INFO 16004 --- [regulatory-change-management-backend] [scheduling-1] c.i.t.scheduler.NotificationScheduler    : Finished processing 0 overdue items.
2026-05-19T00:26:10.017+05:30  INFO 16004 --- [regulatory-change-management-backend] [scheduling-1] c.i.t.scheduler.NotificationScheduler    : Running advance deadline alert job...
2026-05-19T00:26:10.017+05:30  INFO 16004 --- [regulatory-change-management-backend] [scheduling-1] c.i.t.scheduler.NotificationScheduler    : Finished processing 0 upcoming items.
2026-05-19T00:26:20.018+05:30  INFO 16004 --- [regulatory-change-management-backend] [scheduling-1] c.i.t.scheduler.NotificationScheduler    : Running daily overdue reminder job...
2026-05-19T00:26:20.018+05:30  INFO 16004 --- [regulatory-change-management-backend] [scheduling-1] c.i.t.scheduler.NotificationScheduler    : Finished processing 0 overdue items.
2026-05-19T00:26:20.024+05:30  INFO 16004 --- [regulatory-change-management-backend] [scheduling-1] c.i.t.scheduler.NotificationScheduler    : Running advance deadline alert job...
2026-05-19T00:26:20.026+05:30  INFO 16004 --- [regulatory-change-management-backend] [scheduling-1] c.i.t.scheduler.NotificationScheduler    : Finished processing 0 upcoming items.
2026-05-19T00:26:30.008+05:30  INFO 16004 --- [regulatory-change-management-backend] [scheduling-1] c.i.t.scheduler.NotificationScheduler    : Running advance deadline alert job...
2026-05-19T00:26:30.010+05:30  INFO 16004 --- [regulatory-change-management-backend] [scheduling-1] c.i.t.scheduler.NotificationScheduler    : Finished processing 0 upcoming items.
2026-05-19T00:26:30.010+05:30  INFO 16004 --- [regulatory-change-management-backend] [scheduling-1] c.i.t.scheduler.NotificationScheduler    : Running daily overdue reminder job...
2026-05-19T00:26:30.010+05:30  INFO 16004 --- [regulatory-change-management-backend] [scheduling-1] c.i.t.scheduler.NotificationScheduler    : Finished processing 0 overdue items.
2026-05-19T00:26:40.000+05:30  INFO 16004 --- [regulatory-change-management-backend] [scheduling-1] c.i.t.scheduler.NotificationScheduler    : Running daily overdue reminder job...
2026-05-19T00:26:40.000+05:30  INFO 16004 --- [regulatory-change-management-backend] [scheduling-1] c.i.t.scheduler.NotificationScheduler    : Finished processing 0 overdue items.
2026-05-19T00:26:40.000+05:30  INFO 16004 --- [regulatory-change-management-backend] [scheduling-1] c.i.t.scheduler.NotificationScheduler    : Running advance deadline alert job...
2026-05-19T00:26:40.000+05:30  INFO 16004 --- [regulatory-change-management-backend] [scheduling-1] c.i.t.scheduler.NotificationScheduler    : Finished processing 0 upcoming items.
2026-05-19T00:26:50.013+05:30  INFO 16004 --- [regulatory-change-management-backend] [scheduling-1] c.i.t.scheduler.NotificationScheduler    : Running daily overdue reminder job...
2026-05-19T00:26:50.019+05:30  INFO 16004 --- [regulatory-change-management-backend] [scheduling-1] c.i.t.scheduler.NotificationScheduler    : Finished processing 0 overdue items.
2026-05-19T00:26:50.020+05:30  INFO 16004 --- [regulatory-change-management-backend] [scheduling-1] c.i.t.scheduler.NotificationScheduler    : Running advance deadline alert job...
2026-05-19T00:26:50.020+05:30  INFO 16004 --- [regulatory-change-management-backend] [scheduling-1] c.i.t.scheduler.NotificationScheduler    : Finished processing 0 upcoming items.
2026-05-19T00:27:00.009+05:30  INFO 16004 --- [regulatory-change-management-backend] [scheduling-1] c.i.t.scheduler.NotificationScheduler    : Running daily overdue reminder job...
2026-05-19T00:27:00.009+05:30  INFO 16004 --- [regulatory-change-management-backend] [scheduling-1] c.i.t.scheduler.NotificationScheduler    : Finished processing 0 overdue items.
2026-05-19T00:27:00.009+05:30  INFO 16004 --- [regulatory-change-management-backend] [scheduling-1] c.i.t.scheduler.NotificationScheduler    : Running advance deadline alert job...
2026-05-19T00:27:00.009+05:30  INFO 16004 --- [regulatory-change-management-backend] [scheduling-1] c.i.t.scheduler.NotificationScheduler    : Finished processing 0 upcoming items.
2026-05-19T00:27:10.012+05:30  INFO 16004 --- [regulatory-change-management-backend] [scheduling-1] c.i.t.scheduler.NotificationScheduler    : Running daily overdue reminder job...
2026-05-19T00:27:10.012+05:30  INFO 16004 --- [regulatory-change-management-backend] [scheduling-1] c.i.t.scheduler.NotificationScheduler    : Finished processing 0 overdue items.
2026-05-19T00:27:10.012+05:30  INFO 16004 --- [regulatory-change-management-backend] [scheduling-1] c.i.t.scheduler.NotificationScheduler    : Running advance deadline alert job...
2026-05-19T00:27:10.012+05:30  INFO 16004 --- [regulatory-change-management-backend] [scheduling-1] c.i.t.scheduler.NotificationScheduler    : Finished processing 0 upcoming items.
2026-05-19T00:27:20.016+05:30  INFO 16004 --- [regulatory-change-management-backend] [scheduling-1] c.i.t.scheduler.NotificationScheduler    : Running daily overdue reminder job...
2026-05-19T00:27:20.019+05:30  INFO 16004 --- [regulatory-change-management-backend] [scheduling-1] c.i.t.scheduler.NotificationScheduler    : Finished processing 0 overdue items.
2026-05-19T00:27:20.020+05:30  INFO 16004 --- [regulatory-change-management-backend] [scheduling-1] c.i.t.scheduler.NotificationScheduler    : Running advance deadline alert job...
2026-05-19T00:27:20.022+05:30  INFO 16004 --- [regulatory-change-management-backend] [scheduling-1] c.i.t.scheduler.NotificationScheduler    : Finished processing 0 upcoming items.
2026-05-19T00:27:30.000+05:30  INFO 16004 --- [regulatory-change-management-backend] [scheduling-1] c.i.t.scheduler.NotificationScheduler    : Running advance deadline alert job...
2026-05-19T00:27:30.002+05:30  INFO 16004 --- [regulatory-change-management-backend] [scheduling-1] c.i.t.scheduler.NotificationScheduler    : Finished processing 0 upcoming items.
2026-05-19T00:27:30.002+05:30  INFO 16004 --- [regulatory-change-management-backend] [scheduling-1] c.i.t.scheduler.NotificationScheduler    : Running daily overdue reminder job...
2026-05-19T00:27:30.002+05:30  INFO 16004 --- [regulatory-change-management-backend] [scheduling-1] c.i.t.scheduler.NotificationScheduler    : Finished processing 0 overdue items.
2026-05-19T00:27:40.016+05:30  INFO 16004 --- [regulatory-change-management-backend] [scheduling-1] c.i.t.scheduler.NotificationScheduler    : Running advance deadline alert job...
2026-05-19T00:27:40.019+05:30  INFO 16004 --- [regulatory-change-management-backend] [scheduling-1] c.i.t.scheduler.NotificationScheduler    : Finished processing 0 upcoming items.
2026-05-19T00:27:40.019+05:30  INFO 16004 --- [regulatory-change-management-backend] [scheduling-1] c.i.t.scheduler.NotificationScheduler    : Running daily overdue reminder job...
2026-05-19T00:27:40.025+05:30  INFO 16004 --- [regulatory-change-management-backend] [scheduling-1] c.i.t.scheduler.NotificationScheduler    : Finished processing 0 overdue items.
2026-05-19T00:27:50.005+05:30  INFO 16004 --- [regulatory-change-management-backend] [scheduling-1] c.i.t.scheduler.NotificationScheduler    : Running daily overdue reminder job...
2026-05-19T00:27:50.005+05:30  INFO 16004 --- [regulatory-change-management-backend] [scheduling-1] c.i.t.scheduler.NotificationScheduler    : Finished processing 0 overdue items.
2026-05-19T00:27:50.005+05:30  INFO 16004 --- [regulatory-change-management-backend] [scheduling-1] c.i.t.scheduler.NotificationScheduler    : Running advance deadline alert job...
2026-05-19T00:27:50.005+05:30  INFO 16004 --- [regulatory-change-management-backend] [scheduling-1] c.i.t.scheduler.NotificationScheduler    : Finished processing 0 upcoming items.
2026-05-19T00:28:00.008+05:30  INFO 16004 --- [regulatory-change-management-backend] [scheduling-1] c.i.t.scheduler.NotificationScheduler    : Running daily overdue reminder job...
2026-05-19T00:28:00.009+05:30  INFO 16004 --- [regulatory-change-management-backend] [scheduling-1] c.i.t.scheduler.NotificationScheduler    : Finished processing 0 overdue items.
2026-05-19T00:28:00.012+05:30  INFO 16004 --- [regulatory-change-management-backend] [scheduling-1] c.i.t.scheduler.NotificationScheduler    : Running advance deadline alert job...
2026-05-19T00:28:00.014+05:30  INFO 16004 --- [regulatory-change-management-backend] [scheduling-1] c.i.t.scheduler.NotificationScheduler    : Finished processing 0 upcoming items.
2026-05-19T00:28:10.005+05:30  INFO 16004 --- [regulatory-change-management-backend] [scheduling-1] c.i.t.scheduler.NotificationScheduler    : Running daily overdue reminder job...
2026-05-19T00:28:10.007+05:30  INFO 16004 --- [regulatory-change-management-backend] [scheduling-1] c.i.t.scheduler.NotificationScheduler    : Finished processing 0 overdue items.
2026-05-19T00:28:10.008+05:30  INFO 16004 --- [regulatory-change-management-backend] [scheduling-1] c.i.t.scheduler.NotificationScheduler    : Running advance deadline alert job...
2026-05-19T00:28:10.010+05:30  INFO 16004 --- [regulatory-change-management-backend] [scheduling-1] c.i.t.scheduler.NotificationScheduler    : Finished processing 0 upcoming items.
2026-05-19T00:28:20.005+05:30  INFO 16004 --- [regulatory-change-management-backend] [scheduling-1] c.i.t.scheduler.NotificationScheduler    : Running advance deadline alert job...
2026-05-19T00:28:20.005+05:30  INFO 16004 --- [regulatory-change-management-backend] [scheduling-1] c.i.t.scheduler.NotificationScheduler    : Finished processing 0 upcoming items.
2026-05-19T00:28:20.005+05:30  INFO 16004 --- [regulatory-change-management-backend] [scheduling-1] c.i.t.scheduler.NotificationScheduler    : Running daily overdue reminder job...
2026-05-19T00:28:20.005+05:30  INFO 16004 --- [regulatory-change-management-backend] [scheduling-1] c.i.t.scheduler.NotificationScheduler    : Finished processing 0 overdue items.
2026-05-19T00:28:30.011+05:30  INFO 16004 --- [regulatory-change-management-backend] [scheduling-1] c.i.t.scheduler.NotificationScheduler    : Running advance deadline alert job...
2026-05-19T00:28:30.015+05:30  INFO 16004 --- [regulatory-change-management-backend] [scheduling-1] c.i.t.scheduler.NotificationScheduler    : Finished processing 0 upcoming items.
2026-05-19T00:28:30.015+05:30  INFO 16004 --- [regulatory-change-management-backend] [scheduling-1] c.i.t.scheduler.NotificationScheduler    : Running daily overdue reminder job...
2026-05-19T00:28:30.015+05:30  INFO 16004 --- [regulatory-change-management-backend] [scheduling-1] c.i.t.scheduler.NotificationScheduler    : Finished processing 0 overdue items.
2026-05-19T00:28:40.006+05:30  INFO 16004 --- [regulatory-change-management-backend] [scheduling-1] c.i.t.scheduler.NotificationScheduler    : Running advance deadline alert job...
2026-05-19T00:28:40.006+05:30  INFO 16004 --- [regulatory-change-management-backend] [scheduling-1] c.i.t.scheduler.NotificationScheduler    : Finished processing 0 upcoming items.
2026-05-19T00:28:40.006+05:30  INFO 16004 --- [regulatory-change-management-backend] [scheduling-1] c.i.t.scheduler.NotificationScheduler    : Running daily overdue reminder job...
2026-05-19T00:28:40.006+05:30  INFO 16004 --- [regulatory-change-management-backend] [scheduling-1] c.i.t.scheduler.NotificationScheduler    : Finished processing 0 overdue items.
2026-05-19T00:28:50.013+05:30  INFO 16004 --- [regulatory-change-management-backend] [scheduling-1] c.i.t.scheduler.NotificationScheduler    : Running advance deadline alert job...
2026-05-19T00:28:50.013+05:30  INFO 16004 --- [regulatory-change-management-backend] [scheduling-1] c.i.t.scheduler.NotificationScheduler    : Finished processing 0 upcoming items.
2026-05-19T00:28:50.013+05:30  INFO 16004 --- [regulatory-change-management-backend] [scheduling-1] c.i.t.scheduler.NotificationScheduler    : Running daily overdue reminder job...
2026-05-19T00:28:50.020+05:30  INFO 16004 --- [regulatory-change-management-backend] [scheduling-1] c.i.t.scheduler.NotificationScheduler    : Finished processing 0 overdue items.
2026-05-19T00:29:00.014+05:30  INFO 16004 --- [regulatory-change-management-backend] [scheduling-1] c.i.t.scheduler.NotificationScheduler    : Running daily overdue reminder job...
2026-05-19T00:29:00.014+05:30  INFO 16004 --- [regulatory-change-management-backend] [scheduling-1] c.i.t.scheduler.NotificationScheduler    : Finished processing 0 overdue items.
2026-05-19T00:29:00.014+05:30  INFO 16004 --- [regulatory-change-management-backend] [scheduling-1] c.i.t.scheduler.NotificationScheduler    : Running advance deadline alert job...
2026-05-19T00:29:00.014+05:30  INFO 16004 --- [regulatory-change-management-backend] [scheduling-1] c.i.t.scheduler.NotificationScheduler    : Finished processing 0 upcoming items.
2026-05-19T00:29:10.006+05:30  INFO 16004 --- [regulatory-change-management-backend] [scheduling-1] c.i.t.scheduler.NotificationScheduler    : Running daily overdue reminder job...
2026-05-19T00:29:10.006+05:30  INFO 16004 --- [regulatory-change-management-backend] [scheduling-1] c.i.t.scheduler.NotificationScheduler    : Finished processing 0 overdue items.
2026-05-19T00:29:10.006+05:30  INFO 16004 --- [regulatory-change-management-backend] [scheduling-1] c.i.t.scheduler.NotificationScheduler    : Running advance deadline alert job...
2026-05-19T00:29:10.006+05:30  INFO 16004 --- [regulatory-change-management-backend] [scheduling-1] c.i.t.scheduler.NotificationScheduler    : Finished processing 0 upcoming items.
2026-05-19T00:29:20.019+05:30  INFO 16004 --- [regulatory-change-management-backend] [scheduling-1] c.i.t.scheduler.NotificationScheduler    : Running daily overdue reminder job...
2026-05-19T00:29:20.019+05:30  INFO 16004 --- [regulatory-change-management-backend] [scheduling-1] c.i.t.scheduler.NotificationScheduler    : Finished processing 0 overdue items.
2026-05-19T00:29:20.019+05:30  INFO 16004 --- [regulatory-change-management-backend] [scheduling-1] c.i.t.scheduler.NotificationScheduler    : Running advance deadline alert job...
2026-05-19T00:29:20.019+05:30  INFO 16004 --- [regulatory-change-management-backend] [scheduling-1] c.i.t.scheduler.NotificationScheduler    : Finished processing 0 upcoming items.
2026-05-19T00:29:30.009+05:30  INFO 16004 --- [regulatory-change-management-backend] [scheduling-1] c.i.t.scheduler.NotificationScheduler    : Running daily overdue reminder job...
2026-05-19T00:29:30.010+05:30  INFO 16004 --- [regulatory-change-management-backend] [scheduling-1] c.i.t.scheduler.NotificationScheduler    : Finished processing 0 overdue items.
2026-05-19T00:29:30.010+05:30  INFO 16004 --- [regulatory-change-management-backend] [scheduling-1] c.i.t.scheduler.NotificationScheduler    : Running advance deadline alert job...
2026-05-19T00:29:30.010+05:30  INFO 16004 --- [regulatory-change-management-backend] [scheduling-1] c.i.t.scheduler.NotificationScheduler    : Finished processing 0 upcoming items.
2026-05-19T00:29:40.005+05:30  INFO 16004 --- [regulatory-change-management-backend] [scheduling-1] c.i.t.scheduler.NotificationScheduler    : Running daily overdue reminder job...
2026-05-19T00:29:40.005+05:30  INFO 16004 --- [regulatory-change-management-backend] [scheduling-1] c.i.t.scheduler.NotificationScheduler    : Finished processing 0 overdue items.
2026-05-19T00:29:40.005+05:30  INFO 16004 --- [regulatory-change-management-backend] [scheduling-1] c.i.t.scheduler.NotificationScheduler    : Running advance deadline alert job...
2026-05-19T00:29:40.005+05:30  INFO 16004 --- [regulatory-change-management-backend] [scheduling-1] c.i.t.scheduler.NotificationScheduler    : Finished processing 0 upcoming items.
2026-05-19T00:29:50.018+05:30  INFO 16004 --- [regulatory-change-management-backend] [scheduling-1] c.i.t.scheduler.NotificationScheduler    : Running daily overdue reminder job...
2026-05-19T00:29:50.018+05:30  INFO 16004 --- [regulatory-change-management-backend] [scheduling-1] c.i.t.scheduler.NotificationScheduler    : Finished processing 0 overdue items.
2026-05-19T00:29:50.018+05:30  INFO 16004 --- [regulatory-change-management-backend] [scheduling-1] c.i.t.scheduler.NotificationScheduler    : Running advance deadline alert job...
2026-05-19T00:29:50.018+05:30  INFO 16004 --- [regulatory-change-management-backend] [scheduling-1] c.i.t.scheduler.NotificationScheduler    : Finished processing 0 upcoming items.
2026-05-19T00:30:00.006+05:30  INFO 16004 --- [regulatory-change-management-backend] [scheduling-1] c.i.t.scheduler.NotificationScheduler    : Running daily overdue reminder job...
2026-05-19T00:30:00.006+05:30  INFO 16004 --- [regulatory-change-management-backend] [scheduling-1] c.i.t.scheduler.NotificationScheduler    : Finished processing 0 overdue items.
2026-05-19T00:30:00.006+05:30  INFO 16004 --- [regulatory-change-management-backend] [scheduling-1] c.i.t.scheduler.NotificationScheduler    : Running advance deadline alert job...
2026-05-19T00:30:00.006+05:30  INFO 16004 --- [regulatory-change-management-backend] [scheduling-1] c.i.t.scheduler.NotificationScheduler    : Finished processing 0 upcoming items.
2026-05-19T00:30:10.011+05:30  INFO 16004 --- [regulatory-change-management-backend] [scheduling-1] c.i.t.scheduler.NotificationScheduler    : Running daily overdue reminder job...
2026-05-19T00:30:10.027+05:30  INFO 16004 --- [regulatory-change-management-backend] [scheduling-1] c.i.t.scheduler.NotificationScheduler    : Finished processing 0 overdue items.
2026-05-19T00:30:10.027+05:30  INFO 16004 --- [regulatory-change-management-backend] [scheduling-1] c.i.t.scheduler.NotificationScheduler    : Running advance deadline alert job...
2026-05-19T00:30:10.031+05:30  INFO 16004 --- [regulatory-change-management-backend] [scheduling-1] c.i.t.scheduler.NotificationScheduler    : Finished processing 0 upcoming items.
2026-05-19T00:30:20.014+05:30  INFO 16004 --- [regulatory-change-management-backend] [scheduling-1] c.i.t.scheduler.NotificationScheduler    : Running daily overdue reminder job...
2026-05-19T00:30:20.014+05:30  INFO 16004 --- [regulatory-change-management-backend] [scheduling-1] c.i.t.scheduler.NotificationScheduler    : Finished processing 0 overdue items.
2026-05-19T00:30:20.014+05:30  INFO 16004 --- [regulatory-change-management-backend] [scheduling-1] c.i.t.scheduler.NotificationScheduler    : Running advance deadline alert job...
2026-05-19T00:30:20.014+05:30  INFO 16004 --- [regulatory-change-management-backend] [scheduling-1] c.i.t.scheduler.NotificationScheduler    : Finished processing 0 upcoming items.
2026-05-19T00:30:30.020+05:30  INFO 16004 --- [regulatory-change-management-backend] [scheduling-1] c.i.t.scheduler.NotificationScheduler    : Running daily overdue reminder job...
2026-05-19T00:30:30.020+05:30  INFO 16004 --- [regulatory-change-management-backend] [scheduling-1] c.i.t.scheduler.NotificationScheduler    : Finished processing 0 overdue items.
2026-05-19T00:30:30.025+05:30  INFO 16004 --- [regulatory-change-management-backend] [scheduling-1] c.i.t.scheduler.NotificationScheduler    : Running advance deadline alert job...
2026-05-19T00:30:30.027+05:30  INFO 16004 --- [regulatory-change-management-backend] [scheduling-1] c.i.t.scheduler.NotificationScheduler    : Finished processing 0 upcoming items.
2026-05-19T00:30:40.001+05:30  INFO 16004 --- [regulatory-change-management-backend] [scheduling-1] c.i.t.scheduler.NotificationScheduler    : Running daily overdue reminder job...
2026-05-19T00:30:40.001+05:30  INFO 16004 --- [regulatory-change-management-backend] [scheduling-1] c.i.t.scheduler.NotificationScheduler    : Finished processing 0 overdue items.
2026-05-19T00:30:40.001+05:30  INFO 16004 --- [regulatory-change-management-backend] [scheduling-1] c.i.t.scheduler.NotificationScheduler    : Running advance deadline alert job...
2026-05-19T00:30:40.014+05:30  INFO 16004 --- [regulatory-change-management-backend] [scheduling-1] c.i.t.scheduler.NotificationScheduler    : Finished processing 0 upcoming items.
2026-05-19T00:30:50.004+05:30  INFO 16004 --- [regulatory-change-management-backend] [scheduling-1] c.i.t.scheduler.NotificationScheduler    : Running advance deadline alert job...
2026-05-19T00:30:50.004+05:30  INFO 16004 --- [regulatory-change-management-backend] [scheduling-1] c.i.t.scheduler.NotificationScheduler    : Finished processing 0 upcoming items.
2026-05-19T00:30:50.004+05:30  INFO 16004 --- [regulatory-change-management-backend] [scheduling-1] c.i.t.scheduler.NotificationScheduler    : Running daily overdue reminder job...
2026-05-19T00:30:50.004+05:30  INFO 16004 --- [regulatory-change-management-backend] [scheduling-1] c.i.t.scheduler.NotificationScheduler    : Finished processing 0 overdue items.
2026-05-19T00:31:00.014+05:30  INFO 16004 --- [regulatory-change-management-backend] [scheduling-1] c.i.t.scheduler.NotificationScheduler    : Running advance deadline alert job...
2026-05-19T00:31:00.014+05:30  INFO 16004 --- [regulatory-change-management-backend] [scheduling-1] c.i.t.scheduler.NotificationScheduler    : Finished processing 0 upcoming items.
2026-05-19T00:31:00.014+05:30  INFO 16004 --- [regulatory-change-management-backend] [scheduling-1] c.i.t.scheduler.NotificationScheduler    : Running daily overdue reminder job...
2026-05-19T00:31:00.014+05:30  INFO 16004 --- [regulatory-change-management-backend] [scheduling-1] c.i.t.scheduler.NotificationScheduler    : Finished processing 0 overdue items.
2026-05-19T00:31:10.011+05:30  INFO 16004 --- [regulatory-change-management-backend] [scheduling-1] c.i.t.scheduler.NotificationScheduler    : Running advance deadline alert job...
2026-05-19T00:31:10.011+05:30  INFO 16004 --- [regulatory-change-management-backend] [scheduling-1] c.i.t.scheduler.NotificationScheduler    : Finished processing 0 upcoming items.
2026-05-19T00:31:10.011+05:30  INFO 16004 --- [regulatory-change-management-backend] [scheduling-1] c.i.t.scheduler.NotificationScheduler    : Running daily overdue reminder job...
2026-05-19T00:31:10.011+05:30  INFO 16004 --- [regulatory-change-management-backend] [scheduling-1] c.i.t.scheduler.NotificationScheduler    : Finished processing 0 overdue items.
2026-05-19T00:31:20.014+05:30  INFO 16004 --- [regulatory-change-management-backend] [scheduling-1] c.i.t.scheduler.NotificationScheduler    : Running advance deadline alert job...
2026-05-19T00:31:20.014+05:30  INFO 16004 --- [regulatory-change-management-backend] [scheduling-1] c.i.t.scheduler.NotificationScheduler    : Finished processing 0 upcoming items.
2026-05-19T00:31:20.014+05:30  INFO 16004 --- [regulatory-change-management-backend] [scheduling-1] c.i.t.scheduler.NotificationScheduler    : Running daily overdue reminder job...
2026-05-19T00:31:20.014+05:30  INFO 16004 --- [regulatory-change-management-backend] [scheduling-1] c.i.t.scheduler.NotificationScheduler    : Finished processing 0 overdue items.
2026-05-19T00:31:30.018+05:30  INFO 16004 --- [regulatory-change-management-backend] [scheduling-1] c.i.t.scheduler.NotificationScheduler    : Running advance deadline alert job...
2026-05-19T00:31:30.018+05:30  INFO 16004 --- [regulatory-change-management-backend] [scheduling-1] c.i.t.scheduler.NotificationScheduler    : Finished processing 0 upcoming items.
2026-05-19T00:31:30.018+05:30  INFO 16004 --- [regulatory-change-management-backend] [scheduling-1] c.i.t.scheduler.NotificationScheduler    : Running daily overdue reminder job...
2026-05-19T00:31:30.018+05:30  INFO 16004 --- [regulatory-change-management-backend] [scheduling-1] c.i.t.scheduler.NotificationScheduler    : Finished processing 0 overdue items.
2026-05-19T00:31:40.015+05:30  INFO 16004 --- [regulatory-change-management-backend] [scheduling-1] c.i.t.scheduler.NotificationScheduler    : Running advance deadline alert job...
2026-05-19T00:31:40.015+05:30  INFO 16004 --- [regulatory-change-management-backend] [scheduling-1] c.i.t.scheduler.NotificationScheduler    : Finished processing 0 upcoming items.
2026-05-19T00:31:40.015+05:30  INFO 16004 --- [regulatory-change-management-backend] [scheduling-1] c.i.t.scheduler.NotificationScheduler    : Running daily overdue reminder job...
2026-05-19T00:31:40.023+05:30  INFO 16004 --- [regulatory-change-management-backend] [scheduling-1] c.i.t.scheduler.NotificationScheduler    : Finished processing 0 overdue items.
2026-05-19T00:31:50.012+05:30  INFO 16004 --- [regulatory-change-management-backend] [scheduling-1] c.i.t.scheduler.NotificationScheduler    : Running daily overdue reminder job...
2026-05-19T00:31:50.014+05:30  INFO 16004 --- [regulatory-change-management-backend] [scheduling-1] c.i.t.scheduler.NotificationScheduler    : Finished processing 0 overdue items.
2026-05-19T00:31:50.014+05:30  INFO 16004 --- [regulatory-change-management-backend] [scheduling-1] c.i.t.scheduler.NotificationScheduler    : Running advance deadline alert job...
2026-05-19T00:31:50.019+05:30  INFO 16004 --- [regulatory-change-management-backend] [scheduling-1] c.i.t.scheduler.NotificationScheduler    : Finished processing 0 upcoming items.
2026-05-19T00:32:00.011+05:30  INFO 16004 --- [regulatory-change-management-backend] [scheduling-1] c.i.t.scheduler.NotificationScheduler    : Running advance deadline alert job...
2026-05-19T00:32:00.013+05:30  INFO 16004 --- [regulatory-change-management-backend] [scheduling-1] c.i.t.scheduler.NotificationScheduler    : Finished processing 0 upcoming items.
2026-05-19T00:32:00.013+05:30  INFO 16004 --- [regulatory-change-management-backend] [scheduling-1] c.i.t.scheduler.NotificationScheduler    : Running daily overdue reminder job...
2026-05-19T00:32:00.013+05:30  INFO 16004 --- [regulatory-change-management-backend] [scheduling-1] c.i.t.scheduler.NotificationScheduler    : Finished processing 0 overdue items.
2026-05-19T00:32:10.016+05:30  INFO 16004 --- [regulatory-change-management-backend] [scheduling-1] c.i.t.scheduler.NotificationScheduler    : Running advance deadline alert job...
2026-05-19T00:32:10.016+05:30  INFO 16004 --- [regulatory-change-management-backend] [scheduling-1] c.i.t.scheduler.NotificationScheduler    : Finished processing 0 upcoming items.
2026-05-19T00:32:10.016+05:30  INFO 16004 --- [regulatory-change-management-backend] [scheduling-1] c.i.t.scheduler.NotificationScheduler    : Running daily overdue reminder job...
2026-05-19T00:32:10.023+05:30  INFO 16004 --- [regulatory-change-management-backend] [scheduling-1] c.i.t.scheduler.NotificationScheduler    : Finished processing 0 overdue items.
2026-05-19T00:32:20.008+05:30  INFO 16004 --- [regulatory-change-management-backend] [scheduling-1] c.i.t.scheduler.NotificationScheduler    : Running daily overdue reminder job...
2026-05-19T00:32:20.008+05:30  INFO 16004 --- [regulatory-change-management-backend] [scheduling-1] c.i.t.scheduler.NotificationScheduler    : Finished processing 0 overdue items.
2026-05-19T00:32:20.008+05:30  INFO 16004 --- [regulatory-change-management-backend] [scheduling-1] c.i.t.scheduler.NotificationScheduler    : Running advance deadline alert job...
2026-05-19T00:32:20.008+05:30  INFO 16004 --- [regulatory-change-management-backend] [scheduling-1] c.i.t.scheduler.NotificationScheduler    : Finished processing 0 upcoming items.
2026-05-19T00:32:30.005+05:30  INFO 16004 --- [regulatory-change-management-backend] [scheduling-1] c.i.t.scheduler.NotificationScheduler    : Running daily overdue reminder job...
2026-05-19T00:32:30.005+05:30  INFO 16004 --- [regulatory-change-management-backend] [scheduling-1] c.i.t.scheduler.NotificationScheduler    : Finished processing 0 overdue items.
2026-05-19T00:32:30.005+05:30  INFO 16004 --- [regulatory-change-management-backend] [scheduling-1] c.i.t.scheduler.NotificationScheduler    : Running advance deadline alert job...
2026-05-19T00:32:30.005+05:30  INFO 16004 --- [regulatory-change-management-backend] [scheduling-1] c.i.t.scheduler.NotificationScheduler    : Finished processing 0 upcoming items.
2026-05-19T00:32:40.010+05:30  INFO 16004 --- [regulatory-change-management-backend] [scheduling-1] c.i.t.scheduler.NotificationScheduler    : Running daily overdue reminder job...
2026-05-19T00:32:40.010+05:30  INFO 16004 --- [regulatory-change-management-backend] [scheduling-1] c.i.t.scheduler.NotificationScheduler    : Finished processing 0 overdue items.
2026-05-19T00:32:40.010+05:30  INFO 16004 --- [regulatory-change-management-backend] [scheduling-1] c.i.t.scheduler.NotificationScheduler    : Running advance deadline alert job...
2026-05-19T00:32:40.010+05:30  INFO 16004 --- [regulatory-change-management-backend] [scheduling-1] c.i.t.scheduler.NotificationScheduler    : Finished processing 0 upcoming items.
2026-05-19T00:32:50.018+05:30  INFO 16004 --- [regulatory-change-management-backend] [scheduling-1] c.i.t.scheduler.NotificationScheduler    : Running daily overdue reminder job...
2026-05-19T00:32:50.021+05:30  INFO 16004 --- [regulatory-change-management-backend] [scheduling-1] c.i.t.scheduler.NotificationScheduler    : Finished processing 0 overdue items.
2026-05-19T00:32:50.021+05:30  INFO 16004 --- [regulatory-change-management-backend] [scheduling-1] c.i.t.scheduler.NotificationScheduler    : Running advance deadline alert job...
2026-05-19T00:32:50.023+05:30  INFO 16004 --- [regulatory-change-management-backend] [scheduling-1] c.i.t.scheduler.NotificationScheduler    : Finished processing 0 upcoming items.
2026-05-19T00:33:00.009+05:30  INFO 16004 --- [regulatory-change-management-backend] [scheduling-1] c.i.t.scheduler.NotificationScheduler    : Running daily overdue reminder job...
2026-05-19T00:33:00.009+05:30  INFO 16004 --- [regulatory-change-management-backend] [scheduling-1] c.i.t.scheduler.NotificationScheduler    : Finished processing 0 overdue items.
2026-05-19T00:33:00.009+05:30  INFO 16004 --- [regulatory-change-management-backend] [scheduling-1] c.i.t.scheduler.NotificationScheduler    : Running advance deadline alert job...
2026-05-19T00:33:00.009+05:30  INFO 16004 --- [regulatory-change-management-backend] [scheduling-1] c.i.t.scheduler.NotificationScheduler    : Finished processing 0 upcoming items.
2026-05-19T00:33:10.018+05:30  INFO 16004 --- [regulatory-change-management-backend] [scheduling-1] c.i.t.scheduler.NotificationScheduler    : Running daily overdue reminder job...
2026-05-19T00:33:10.018+05:30  INFO 16004 --- [regulatory-change-management-backend] [scheduling-1] c.i.t.scheduler.NotificationScheduler    : Finished processing 0 overdue items.
2026-05-19T00:33:10.018+05:30  INFO 16004 --- [regulatory-change-management-backend] [scheduling-1] c.i.t.scheduler.NotificationScheduler    : Running advance deadline alert job...
2026-05-19T00:33:10.018+05:30  INFO 16004 --- [regulatory-change-management-backend] [scheduling-1] c.i.t.scheduler.NotificationScheduler    : Finished processing 0 upcoming items.
2026-05-19T00:33:20.008+05:30  INFO 16004 --- [regulatory-change-management-backend] [scheduling-1] c.i.t.scheduler.NotificationScheduler    : Running daily overdue reminder job...
2026-05-19T00:33:20.008+05:30  INFO 16004 --- [regulatory-change-management-backend] [scheduling-1] c.i.t.scheduler.NotificationScheduler    : Finished processing 0 overdue items.
2026-05-19T00:33:20.008+05:30  INFO 16004 --- [regulatory-change-management-backend] [scheduling-1] c.i.t.scheduler.NotificationScheduler    : Running advance deadline alert job...
2026-05-19T00:33:20.014+05:30  INFO 16004 --- [regulatory-change-management-backend] [scheduling-1] c.i.t.scheduler.NotificationScheduler    : Finished processing 0 upcoming items.
2026-05-19T00:33:30.008+05:30  INFO 16004 --- [regulatory-change-management-backend] [scheduling-1] c.i.t.scheduler.NotificationScheduler    : Running advance deadline alert job...
2026-05-19T00:33:30.008+05:30  INFO 16004 --- [regulatory-change-management-backend] [scheduling-1] c.i.t.scheduler.NotificationScheduler    : Finished processing 0 upcoming items.
2026-05-19T00:33:30.008+05:30  INFO 16004 --- [regulatory-change-management-backend] [scheduling-1] c.i.t.scheduler.NotificationScheduler    : Running daily overdue reminder job...
2026-05-19T00:33:30.008+05:30  INFO 16004 --- [regulatory-change-management-backend] [scheduling-1] c.i.t.scheduler.NotificationScheduler    : Finished processing 0 overdue items.
2026-05-19T00:33:40.004+05:30  INFO 16004 --- [regulatory-change-management-backend] [scheduling-1] c.i.t.scheduler.NotificationScheduler    : Running advance deadline alert job...
2026-05-19T00:33:40.004+05:30  INFO 16004 --- [regulatory-change-management-backend] [scheduling-1] c.i.t.scheduler.NotificationScheduler    : Finished processing 0 upcoming items.
2026-05-19T00:33:40.004+05:30  INFO 16004 --- [regulatory-change-management-backend] [scheduling-1] c.i.t.scheduler.NotificationScheduler    : Running daily overdue reminder job...
2026-05-19T00:33:40.004+05:30  INFO 16004 --- [regulatory-change-management-backend] [scheduling-1] c.i.t.scheduler.NotificationScheduler    : Finished processing 0 overdue items.
2026-05-19T00:33:50.017+05:30  INFO 16004 --- [regulatory-change-management-backend] [scheduling-1] c.i.t.scheduler.NotificationScheduler    : Running advance deadline alert job...
2026-05-19T00:33:50.020+05:30  INFO 16004 --- [regulatory-change-management-backend] [scheduling-1] c.i.t.scheduler.NotificationScheduler    : Finished processing 0 upcoming items.
2026-05-19T00:33:50.020+05:30  INFO 16004 --- [regulatory-change-management-backend] [scheduling-1] c.i.t.scheduler.NotificationScheduler    : Running daily overdue reminder job...
2026-05-19T00:33:50.022+05:30  INFO 16004 --- [regulatory-change-management-backend] [scheduling-1] c.i.t.scheduler.NotificationScheduler    : Finished processing 0 overdue items.
2026-05-19T00:34:00.009+05:30  INFO 16004 --- [regulatory-change-management-backend] [scheduling-1] c.i.t.scheduler.NotificationScheduler    : Running daily overdue reminder job...
2026-05-19T00:34:00.009+05:30  INFO 16004 --- [regulatory-change-management-backend] [scheduling-1] c.i.t.scheduler.NotificationScheduler    : Finished processing 0 overdue items.
2026-05-19T00:34:00.009+05:30  INFO 16004 --- [regulatory-change-management-backend] [scheduling-1] c.i.t.scheduler.NotificationScheduler    : Running advance deadline alert job...
2026-05-19T00:34:00.009+05:30  INFO 16004 --- [regulatory-change-management-backend] [scheduling-1] c.i.t.scheduler.NotificationScheduler    : Finished processing 0 upcoming items.
2026-05-19T00:34:10.009+05:30  INFO 16004 --- [regulatory-change-management-backend] [scheduling-1] c.i.t.scheduler.NotificationScheduler    : Running daily overdue reminder job...
2026-05-19T00:34:10.009+05:30  INFO 16004 --- [regulatory-change-management-backend] [scheduling-1] c.i.t.scheduler.NotificationScheduler    : Finished processing 0 overdue items.
2026-05-19T00:34:10.009+05:30  INFO 16004 --- [regulatory-change-management-backend] [scheduling-1] c.i.t.scheduler.NotificationScheduler    : Running advance deadline alert job...
2026-05-19T00:34:10.009+05:30  INFO 16004 --- [regulatory-change-management-backend] [scheduling-1] c.i.t.scheduler.NotificationScheduler    : Finished processing 0 upcoming items.
2026-05-19T00:34:20.021+05:30  INFO 16004 --- [regulatory-change-management-backend] [scheduling-1] c.i.t.scheduler.NotificationScheduler    : Running daily overdue reminder job...
2026-05-19T00:34:20.024+05:30  INFO 16004 --- [regulatory-change-management-backend] [scheduling-1] c.i.t.scheduler.NotificationScheduler    : Finished processing 0 overdue items.
2026-05-19T00:34:20.024+05:30  INFO 16004 --- [regulatory-change-management-backend] [scheduling-1] c.i.t.scheduler.NotificationScheduler    : Running advance deadline alert job...
2026-05-19T00:34:20.024+05:30  INFO 16004 --- [regulatory-change-management-backend] [scheduling-1] c.i.t.scheduler.NotificationScheduler    : Finished processing 0 upcoming items.
2026-05-19T00:34:30.007+05:30  INFO 16004 --- [regulatory-change-management-backend] [scheduling-1] c.i.t.scheduler.NotificationScheduler    : Running daily overdue reminder job...
2026-05-19T00:34:30.008+05:30  INFO 16004 --- [regulatory-change-management-backend] [scheduling-1] c.i.t.scheduler.NotificationScheduler    : Finished processing 0 overdue items.
2026-05-19T00:34:30.008+05:30  INFO 16004 --- [regulatory-change-management-backend] [scheduling-1] c.i.t.scheduler.NotificationScheduler    : Running advance deadline alert job...
2026-05-19T00:34:30.008+05:30  INFO 16004 --- [regulatory-change-management-backend] [scheduling-1] c.i.t.scheduler.NotificationScheduler    : Finished processing 0 upcoming items.
2026-05-19T00:34:40.007+05:30  INFO 16004 --- [regulatory-change-management-backend] [scheduling-1] c.i.t.scheduler.NotificationScheduler    : Running daily overdue reminder job...
2026-05-19T00:34:40.009+05:30  INFO 16004 --- [regulatory-change-management-backend] [scheduling-1] c.i.t.scheduler.NotificationScheduler    : Finished processing 0 overdue items.
2026-05-19T00:34:40.009+05:30  INFO 16004 --- [regulatory-change-management-backend] [scheduling-1] c.i.t.scheduler.NotificationScheduler    : Running advance deadline alert job...
2026-05-19T00:34:40.010+05:30  INFO 16004 --- [regulatory-change-management-backend] [scheduling-1] c.i.t.scheduler.NotificationScheduler    : Finished processing 0 upcoming items.
2026-05-19T00:36:42.289+05:30  INFO 16004 --- [regulatory-change-management-backend] [scheduling-1] c.i.t.scheduler.NotificationScheduler    : Running advance deadline alert job...
2026-05-19T00:36:42.292+05:30  INFO 16004 --- [regulatory-change-management-backend] [scheduling-1] c.i.t.scheduler.NotificationScheduler    : Finished processing 0 upcoming items.
2026-05-19T00:36:42.293+05:30  INFO 16004 --- [regulatory-change-management-backend] [scheduling-1] c.i.t.scheduler.NotificationScheduler    : Running daily overdue reminder job...
2026-05-19T00:36:42.295+05:30  INFO 16004 --- [regulatory-change-management-backend] [scheduling-1] c.i.t.scheduler.NotificationScheduler    : Finished processing 0 overdue items.
2026-05-19T00:36:50.011+05:30  INFO 16004 --- [regulatory-change-management-backend] [scheduling-1] c.i.t.scheduler.NotificationScheduler    : Running daily overdue reminder job...
2026-05-19T00:36:50.012+05:30  INFO 16004 --- [regulatory-change-management-backend] [scheduling-1] c.i.t.scheduler.NotificationScheduler    : Finished processing 0 overdue items.
2026-05-19T00:36:50.012+05:30  INFO 16004 --- [regulatory-change-management-backend] [scheduling-1] c.i.t.scheduler.NotificationScheduler    : Running advance deadline alert job...
2026-05-19T00:36:50.012+05:30  INFO 16004 --- [regulatory-change-management-backend] [scheduling-1] c.i.t.scheduler.NotificationScheduler    : Finished processing 0 upcoming items.
2026-05-19T00:37:00.009+05:30  INFO 16004 --- [regulatory-change-management-backend] [scheduling-1] c.i.t.scheduler.NotificationScheduler    : Running daily overdue reminder job...
2026-05-19T00:37:00.013+05:30  INFO 16004 --- [regulatory-change-management-backend] [scheduling-1] c.i.t.scheduler.NotificationScheduler    : Finished processing 0 overdue items.
2026-05-19T00:37:00.013+05:30  INFO 16004 --- [regulatory-change-management-backend] [scheduling-1] c.i.t.scheduler.NotificationScheduler    : Running advance deadline alert job...
2026-05-19T00:37:00.017+05:30  INFO 16004 --- [regulatory-change-management-backend] [scheduling-1] c.i.t.scheduler.NotificationScheduler    : Finished processing 0 upcoming items.
2026-05-19T00:37:03.573+05:30  WARN 16004 --- [regulatory-change-management-backend] [HikariPool-1 housekeeper] com.zaxxer.hikari.pool.HikariPool        : HikariPool-1 - Thread starvation or clock leap detected (housekeeper delta=2m22s292ms24µs).
2026-05-19T00:37:10.010+05:30  INFO 16004 --- [regulatory-change-management-backend] [scheduling-1] c.i.t.scheduler.NotificationScheduler    : Running advance deadline alert job...
2026-05-19T00:37:10.021+05:30  INFO 16004 --- [regulatory-change-management-backend] [scheduling-1] c.i.t.scheduler.NotificationScheduler    : Finished processing 0 upcoming items.
2026-05-19T00:37:10.031+05:30  INFO 16004 --- [regulatory-change-management-backend] [scheduling-1] c.i.t.scheduler.NotificationScheduler    : Running daily overdue reminder job...
2026-05-19T00:37:10.052+05:30  INFO 16004 --- [regulatory-change-management-backend] [scheduling-1] c.i.t.scheduler.NotificationScheduler    : Finished processing 0 overdue items.
2026-05-19T00:37:11.381+05:30 ERROR 16004 --- [regulatory-change-management-backend] [http-nio-8081-exec-6] o.a.c.c.C.[.[.[/].[dispatcherServlet]    : Servlet.service() for servlet [dispatcherServlet] in context with path [] threw exception

io.jsonwebtoken.ExpiredJwtException: JWT expired 462371 milliseconds ago at 2026-05-18T18:59:29.000Z. Current time: 2026-05-18T19:07:11.371Z. Allowed clock skew: 0 milliseconds.
	at io.jsonwebtoken.impl.DefaultJwtParser.parse(DefaultJwtParser.java:682) ~[jjwt-impl-0.12.5.jar:0.12.5]
	at io.jsonwebtoken.impl.DefaultJwtParser.parse(DefaultJwtParser.java:362) ~[jjwt-impl-0.12.5.jar:0.12.5]
	at io.jsonwebtoken.impl.DefaultJwtParser.parse(DefaultJwtParser.java:94) ~[jjwt-impl-0.12.5.jar:0.12.5]
	at io.jsonwebtoken.impl.io.AbstractParser.parse(AbstractParser.java:36) ~[jjwt-impl-0.12.5.jar:0.12.5]
	at io.jsonwebtoken.impl.io.AbstractParser.parse(AbstractParser.java:29) ~[jjwt-impl-0.12.5.jar:0.12.5]
	at io.jsonwebtoken.impl.DefaultJwtParser.parseSignedClaims(DefaultJwtParser.java:821) ~[jjwt-impl-0.12.5.jar:0.12.5]
	at com.internship.tool.config.JwtUtil.extractAllClaims(JwtUtil.java:70) ~[classes/:na]
	at com.internship.tool.config.JwtUtil.extractClaim(JwtUtil.java:31) ~[classes/:na]
	at com.internship.tool.config.JwtUtil.extractUsername(JwtUtil.java:27) ~[classes/:na]
	at com.internship.tool.config.JwtAuthFilter.doFilterInternal(JwtAuthFilter.java:44) ~[classes/:na]
	at org.springframework.web.filter.OncePerRequestFilter.doFilter(OncePerRequestFilter.java:116) ~[spring-web-6.1.6.jar:6.1.6]
	at org.springframework.security.web.ObservationFilterChainDecorator$ObservationFilter.wrapFilter(ObservationFilterChainDecorator.java:240) ~[spring-security-web-6.2.4.jar:6.2.4]
	at org.springframework.security.web.ObservationFilterChainDecorator$ObservationFilter.doFilter(ObservationFilterChainDecorator.java:227) ~[spring-security-web-6.2.4.jar:6.2.4]
	at org.springframework.security.web.ObservationFilterChainDecorator$VirtualFilterChain.doFilter(ObservationFilterChainDecorator.java:137) ~[spring-security-web-6.2.4.jar:6.2.4]
	at org.springframework.security.web.authentication.logout.LogoutFilter.doFilter(LogoutFilter.java:107) ~[spring-security-web-6.2.4.jar:6.2.4]
	at org.springframework.security.web.authentication.logout.LogoutFilter.doFilter(LogoutFilter.java:93) ~[spring-security-web-6.2.4.jar:6.2.4]
	at org.springframework.security.web.ObservationFilterChainDecorator$ObservationFilter.wrapFilter(ObservationFilterChainDecorator.java:240) ~[spring-security-web-6.2.4.jar:6.2.4]
	at org.springframework.security.web.ObservationFilterChainDecorator$ObservationFilter.doFilter(ObservationFilterChainDecorator.java:227) ~[spring-security-web-6.2.4.jar:6.2.4]
	at org.springframework.security.web.ObservationFilterChainDecorator$VirtualFilterChain.doFilter(ObservationFilterChainDecorator.java:137) ~[spring-security-web-6.2.4.jar:6.2.4]
	at org.springframework.web.filter.CorsFilter.doFilterInternal(CorsFilter.java:91) ~[spring-web-6.1.6.jar:6.1.6]
	at org.springframework.web.filter.OncePerRequestFilter.doFilter(OncePerRequestFilter.java:116) ~[spring-web-6.1.6.jar:6.1.6]
	at org.springframework.security.web.ObservationFilterChainDecorator$ObservationFilter.wrapFilter(ObservationFilterChainDecorator.java:240) ~[spring-security-web-6.2.4.jar:6.2.4]
	at org.springframework.security.web.ObservationFilterChainDecorator$ObservationFilter.doFilter(ObservationFilterChainDecorator.java:227) ~[spring-security-web-6.2.4.jar:6.2.4]
	at org.springframework.security.web.ObservationFilterChainDecorator$VirtualFilterChain.doFilter(ObservationFilterChainDecorator.java:137) ~[spring-security-web-6.2.4.jar:6.2.4]
	at org.springframework.security.web.header.HeaderWriterFilter.doHeadersAfter(HeaderWriterFilter.java:90) ~[spring-security-web-6.2.4.jar:6.2.4]
	at org.springframework.security.web.header.HeaderWriterFilter.doFilterInternal(HeaderWriterFilter.java:75) ~[spring-security-web-6.2.4.jar:6.2.4]
	at org.springframework.web.filter.OncePerRequestFilter.doFilter(OncePerRequestFilter.java:116) ~[spring-web-6.1.6.jar:6.1.6]
	at org.springframework.security.web.ObservationFilterChainDecorator$ObservationFilter.wrapFilter(ObservationFilterChainDecorator.java:240) ~[spring-security-web-6.2.4.jar:6.2.4]
	at org.springframework.security.web.ObservationFilterChainDecorator$ObservationFilter.doFilter(ObservationFilterChainDecorator.java:227) ~[spring-security-web-6.2.4.jar:6.2.4]
	at org.springframework.security.web.ObservationFilterChainDecorator$VirtualFilterChain.doFilter(ObservationFilterChainDecorator.java:137) ~[spring-security-web-6.2.4.jar:6.2.4]
	at org.springframework.security.web.context.SecurityContextHolderFilter.doFilter(SecurityContextHolderFilter.java:82) ~[spring-security-web-6.2.4.jar:6.2.4]
	at org.springframework.security.web.context.SecurityContextHolderFilter.doFilter(SecurityContextHolderFilter.java:69) ~[spring-security-web-6.2.4.jar:6.2.4]
	at org.springframework.security.web.ObservationFilterChainDecorator$ObservationFilter.wrapFilter(ObservationFilterChainDecorator.java:240) ~[spring-security-web-6.2.4.jar:6.2.4]
	at org.springframework.security.web.ObservationFilterChainDecorator$ObservationFilter.doFilter(ObservationFilterChainDecorator.java:227) ~[spring-security-web-6.2.4.jar:6.2.4]
	at org.springframework.security.web.ObservationFilterChainDecorator$VirtualFilterChain.doFilter(ObservationFilterChainDecorator.java:137) ~[spring-security-web-6.2.4.jar:6.2.4]
	at org.springframework.security.web.context.request.async.WebAsyncManagerIntegrationFilter.doFilterInternal(WebAsyncManagerIntegrationFilter.java:62) ~[spring-security-web-6.2.4.jar:6.2.4]
	at org.springframework.web.filter.OncePerRequestFilter.doFilter(OncePerRequestFilter.java:116) ~[spring-web-6.1.6.jar:6.1.6]
	at org.springframework.security.web.ObservationFilterChainDecorator$ObservationFilter.wrapFilter(ObservationFilterChainDecorator.java:240) ~[spring-security-web-6.2.4.jar:6.2.4]
	at org.springframework.security.web.ObservationFilterChainDecorator$ObservationFilter.doFilter(ObservationFilterChainDecorator.java:227) ~[spring-security-web-6.2.4.jar:6.2.4]
	at org.springframework.security.web.ObservationFilterChainDecorator$VirtualFilterChain.doFilter(ObservationFilterChainDecorator.java:137) ~[spring-security-web-6.2.4.jar:6.2.4]
	at org.springframework.security.web.session.DisableEncodeUrlFilter.doFilterInternal(DisableEncodeUrlFilter.java:42) ~[spring-security-web-6.2.4.jar:6.2.4]
	at org.springframework.web.filter.OncePerRequestFilter.doFilter(OncePerRequestFilter.java:116) ~[spring-web-6.1.6.jar:6.1.6]
	at org.springframework.security.web.ObservationFilterChainDecorator$ObservationFilter.wrapFilter(ObservationFilterChainDecorator.java:240) ~[spring-security-web-6.2.4.jar:6.2.4]
	at org.springframework.security.web.ObservationFilterChainDecorator$AroundFilterObservation$SimpleAroundFilterObservation.lambda$wrap$0(ObservationFilterChainDecorator.java:323) ~[spring-security-web-6.2.4.jar:6.2.4]
	at org.springframework.security.web.ObservationFilterChainDecorator$ObservationFilter.doFilter(ObservationFilterChainDecorator.java:224) ~[spring-security-web-6.2.4.jar:6.2.4]
	at org.springframework.security.web.ObservationFilterChainDecorator$VirtualFilterChain.doFilter(ObservationFilterChainDecorator.java:137) ~[spring-security-web-6.2.4.jar:6.2.4]
	at org.springframework.security.web.FilterChainProxy.doFilterInternal(FilterChainProxy.java:233) ~[spring-security-web-6.2.4.jar:6.2.4]
	at org.springframework.security.web.FilterChainProxy.doFilter(FilterChainProxy.java:191) ~[spring-security-web-6.2.4.jar:6.2.4]
	at org.springframework.web.filter.CompositeFilter$VirtualFilterChain.doFilter(CompositeFilter.java:113) ~[spring-web-6.1.6.jar:6.1.6]
	at org.springframework.web.servlet.handler.HandlerMappingIntrospector.lambda$createCacheFilter$3(HandlerMappingIntrospector.java:195) ~[spring-webmvc-6.1.6.jar:6.1.6]
	at org.springframework.web.filter.CompositeFilter$VirtualFilterChain.doFilter(CompositeFilter.java:113) ~[spring-web-6.1.6.jar:6.1.6]
	at org.springframework.web.filter.CompositeFilter.doFilter(CompositeFilter.java:74) ~[spring-web-6.1.6.jar:6.1.6]
	at org.springframework.security.config.annotation.web.configuration.WebMvcSecurityConfiguration$CompositeFilterChainProxy.doFilter(WebMvcSecurityConfiguration.java:230) ~[spring-security-config-6.2.4.jar:6.2.4]
	at org.springframework.web.filter.DelegatingFilterProxy.invokeDelegate(DelegatingFilterProxy.java:352) ~[spring-web-6.1.6.jar:6.1.6]
	at org.springframework.web.filter.DelegatingFilterProxy.doFilter(DelegatingFilterProxy.java:268) ~[spring-web-6.1.6.jar:6.1.6]
	at org.apache.catalina.core.ApplicationFilterChain.internalDoFilter(ApplicationFilterChain.java:175) ~[tomcat-embed-core-10.1.20.jar:10.1.20]
	at org.apache.catalina.core.ApplicationFilterChain.doFilter(ApplicationFilterChain.java:150) ~[tomcat-embed-core-10.1.20.jar:10.1.20]
	at org.springframework.web.filter.RequestContextFilter.doFilterInternal(RequestContextFilter.java:100) ~[spring-web-6.1.6.jar:6.1.6]
	at org.springframework.web.filter.OncePerRequestFilter.doFilter(OncePerRequestFilter.java:116) ~[spring-web-6.1.6.jar:6.1.6]
	at org.apache.catalina.core.ApplicationFilterChain.internalDoFilter(ApplicationFilterChain.java:175) ~[tomcat-embed-core-10.1.20.jar:10.1.20]
	at org.apache.catalina.core.ApplicationFilterChain.doFilter(ApplicationFilterChain.java:150) ~[tomcat-embed-core-10.1.20.jar:10.1.20]
	at org.springframework.web.filter.FormContentFilter.doFilterInternal(FormContentFilter.java:93) ~[spring-web-6.1.6.jar:6.1.6]
	at org.springframework.web.filter.OncePerRequestFilter.doFilter(OncePerRequestFilter.java:116) ~[spring-web-6.1.6.jar:6.1.6]
	at org.apache.catalina.core.ApplicationFilterChain.internalDoFilter(ApplicationFilterChain.java:175) ~[tomcat-embed-core-10.1.20.jar:10.1.20]
	at org.apache.catalina.core.ApplicationFilterChain.doFilter(ApplicationFilterChain.java:150) ~[tomcat-embed-core-10.1.20.jar:10.1.20]
	at org.springframework.web.filter.ServerHttpObservationFilter.doFilterInternal(ServerHttpObservationFilter.java:109) ~[spring-web-6.1.6.jar:6.1.6]
	at org.springframework.web.filter.OncePerRequestFilter.doFilter(OncePerRequestFilter.java:116) ~[spring-web-6.1.6.jar:6.1.6]
	at org.apache.catalina.core.ApplicationFilterChain.internalDoFilter(ApplicationFilterChain.java:175) ~[tomcat-embed-core-10.1.20.jar:10.1.20]
	at org.apache.catalina.core.ApplicationFilterChain.doFilter(ApplicationFilterChain.java:150) ~[tomcat-embed-core-10.1.20.jar:10.1.20]
	at org.springframework.web.filter.CharacterEncodingFilter.doFilterInternal(CharacterEncodingFilter.java:201) ~[spring-web-6.1.6.jar:6.1.6]
	at org.springframework.web.filter.OncePerRequestFilter.doFilter(OncePerRequestFilter.java:116) ~[spring-web-6.1.6.jar:6.1.6]
	at org.apache.catalina.core.ApplicationFilterChain.internalDoFilter(ApplicationFilterChain.java:175) ~[tomcat-embed-core-10.1.20.jar:10.1.20]
	at org.apache.catalina.core.ApplicationFilterChain.doFilter(ApplicationFilterChain.java:150) ~[tomcat-embed-core-10.1.20.jar:10.1.20]
	at org.apache.catalina.core.StandardWrapperValve.invoke(StandardWrapperValve.java:167) ~[tomcat-embed-core-10.1.20.jar:10.1.20]
	at org.apache.catalina.core.StandardContextValve.invoke(StandardContextValve.java:90) ~[tomcat-embed-core-10.1.20.jar:10.1.20]
	at org.apache.catalina.authenticator.AuthenticatorBase.invoke(AuthenticatorBase.java:482) ~[tomcat-embed-core-10.1.20.jar:10.1.20]
	at org.apache.catalina.core.StandardHostValve.invoke(StandardHostValve.java:115) ~[tomcat-embed-core-10.1.20.jar:10.1.20]
	at org.apache.catalina.valves.ErrorReportValve.invoke(ErrorReportValve.java:93) ~[tomcat-embed-core-10.1.20.jar:10.1.20]
	at org.apache.catalina.core.StandardEngineValve.invoke(StandardEngineValve.java:74) ~[tomcat-embed-core-10.1.20.jar:10.1.20]
	at org.apache.catalina.connector.CoyoteAdapter.service(CoyoteAdapter.java:344) ~[tomcat-embed-core-10.1.20.jar:10.1.20]
	at org.apache.coyote.http11.Http11Processor.service(Http11Processor.java:391) ~[tomcat-embed-core-10.1.20.jar:10.1.20]
	at org.apache.coyote.AbstractProcessorLight.process(AbstractProcessorLight.java:63) ~[tomcat-embed-core-10.1.20.jar:10.1.20]
	at org.apache.coyote.AbstractProtocol$ConnectionHandler.process(AbstractProtocol.java:896) ~[tomcat-embed-core-10.1.20.jar:10.1.20]
	at org.apache.tomcat.util.net.NioEndpoint$SocketProcessor.doRun(NioEndpoint.java:1736) ~[tomcat-embed-core-10.1.20.jar:10.1.20]
	at org.apache.tomcat.util.net.SocketProcessorBase.run(SocketProcessorBase.java:52) ~[tomcat-embed-core-10.1.20.jar:10.1.20]
	at org.apache.tomcat.util.threads.ThreadPoolExecutor.runWorker(ThreadPoolExecutor.java:1191) ~[tomcat-embed-core-10.1.20.jar:10.1.20]
	at org.apache.tomcat.util.threads.ThreadPoolExecutor$Worker.run(ThreadPoolExecutor.java:659) ~[tomcat-embed-core-10.1.20.jar:10.1.20]
	at org.apache.tomcat.util.threads.TaskThread$WrappingRunnable.run(TaskThread.java:63) ~[tomcat-embed-core-10.1.20.jar:10.1.20]
	at java.base/java.lang.Thread.run(Thread.java:840) ~[na:na]

2026-05-19T00:37:11.485+05:30 ERROR 16004 --- [regulatory-change-management-backend] [http-nio-8081-exec-2] o.a.c.c.C.[.[.[/].[dispatcherServlet]    : Servlet.service() for servlet [dispatcherServlet] in context with path [] threw exception

io.jsonwebtoken.ExpiredJwtException: JWT expired 462484 milliseconds ago at 2026-05-18T18:59:29.000Z. Current time: 2026-05-18T19:07:11.484Z. Allowed clock skew: 0 milliseconds.
	at io.jsonwebtoken.impl.DefaultJwtParser.parse(DefaultJwtParser.java:682) ~[jjwt-impl-0.12.5.jar:0.12.5]
	at io.jsonwebtoken.impl.DefaultJwtParser.parse(DefaultJwtParser.java:362) ~[jjwt-impl-0.12.5.jar:0.12.5]
	at io.jsonwebtoken.impl.DefaultJwtParser.parse(DefaultJwtParser.java:94) ~[jjwt-impl-0.12.5.jar:0.12.5]
	at io.jsonwebtoken.impl.io.AbstractParser.parse(AbstractParser.java:36) ~[jjwt-impl-0.12.5.jar:0.12.5]
	at io.jsonwebtoken.impl.io.AbstractParser.parse(AbstractParser.java:29) ~[jjwt-impl-0.12.5.jar:0.12.5]
	at io.jsonwebtoken.impl.DefaultJwtParser.parseSignedClaims(DefaultJwtParser.java:821) ~[jjwt-impl-0.12.5.jar:0.12.5]
	at com.internship.tool.config.JwtUtil.extractAllClaims(JwtUtil.java:70) ~[classes/:na]
	at com.internship.tool.config.JwtUtil.extractClaim(JwtUtil.java:31) ~[classes/:na]
	at com.internship.tool.config.JwtUtil.extractUsername(JwtUtil.java:27) ~[classes/:na]
	at com.internship.tool.config.JwtAuthFilter.doFilterInternal(JwtAuthFilter.java:44) ~[classes/:na]
	at org.springframework.web.filter.OncePerRequestFilter.doFilter(OncePerRequestFilter.java:116) ~[spring-web-6.1.6.jar:6.1.6]
	at org.springframework.security.web.ObservationFilterChainDecorator$ObservationFilter.wrapFilter(ObservationFilterChainDecorator.java:240) ~[spring-security-web-6.2.4.jar:6.2.4]
	at org.springframework.security.web.ObservationFilterChainDecorator$ObservationFilter.doFilter(ObservationFilterChainDecorator.java:227) ~[spring-security-web-6.2.4.jar:6.2.4]
	at org.springframework.security.web.ObservationFilterChainDecorator$VirtualFilterChain.doFilter(ObservationFilterChainDecorator.java:137) ~[spring-security-web-6.2.4.jar:6.2.4]
	at org.springframework.security.web.authentication.logout.LogoutFilter.doFilter(LogoutFilter.java:107) ~[spring-security-web-6.2.4.jar:6.2.4]
	at org.springframework.security.web.authentication.logout.LogoutFilter.doFilter(LogoutFilter.java:93) ~[spring-security-web-6.2.4.jar:6.2.4]
	at org.springframework.security.web.ObservationFilterChainDecorator$ObservationFilter.wrapFilter(ObservationFilterChainDecorator.java:240) ~[spring-security-web-6.2.4.jar:6.2.4]
	at org.springframework.security.web.ObservationFilterChainDecorator$ObservationFilter.doFilter(ObservationFilterChainDecorator.java:227) ~[spring-security-web-6.2.4.jar:6.2.4]
	at org.springframework.security.web.ObservationFilterChainDecorator$VirtualFilterChain.doFilter(ObservationFilterChainDecorator.java:137) ~[spring-security-web-6.2.4.jar:6.2.4]
	at org.springframework.web.filter.CorsFilter.doFilterInternal(CorsFilter.java:91) ~[spring-web-6.1.6.jar:6.1.6]
	at org.springframework.web.filter.OncePerRequestFilter.doFilter(OncePerRequestFilter.java:116) ~[spring-web-6.1.6.jar:6.1.6]
	at org.springframework.security.web.ObservationFilterChainDecorator$ObservationFilter.wrapFilter(ObservationFilterChainDecorator.java:240) ~[spring-security-web-6.2.4.jar:6.2.4]
	at org.springframework.security.web.ObservationFilterChainDecorator$ObservationFilter.doFilter(ObservationFilterChainDecorator.java:227) ~[spring-security-web-6.2.4.jar:6.2.4]
	at org.springframework.security.web.ObservationFilterChainDecorator$VirtualFilterChain.doFilter(ObservationFilterChainDecorator.java:137) ~[spring-security-web-6.2.4.jar:6.2.4]
	at org.springframework.security.web.header.HeaderWriterFilter.doHeadersAfter(HeaderWriterFilter.java:90) ~[spring-security-web-6.2.4.jar:6.2.4]
	at org.springframework.security.web.header.HeaderWriterFilter.doFilterInternal(HeaderWriterFilter.java:75) ~[spring-security-web-6.2.4.jar:6.2.4]
	at org.springframework.web.filter.OncePerRequestFilter.doFilter(OncePerRequestFilter.java:116) ~[spring-web-6.1.6.jar:6.1.6]
	at org.springframework.security.web.ObservationFilterChainDecorator$ObservationFilter.wrapFilter(ObservationFilterChainDecorator.java:240) ~[spring-security-web-6.2.4.jar:6.2.4]
	at org.springframework.security.web.ObservationFilterChainDecorator$ObservationFilter.doFilter(ObservationFilterChainDecorator.java:227) ~[spring-security-web-6.2.4.jar:6.2.4]
	at org.springframework.security.web.ObservationFilterChainDecorator$VirtualFilterChain.doFilter(ObservationFilterChainDecorator.java:137) ~[spring-security-web-6.2.4.jar:6.2.4]
	at org.springframework.security.web.context.SecurityContextHolderFilter.doFilter(SecurityContextHolderFilter.java:82) ~[spring-security-web-6.2.4.jar:6.2.4]
	at org.springframework.security.web.context.SecurityContextHolderFilter.doFilter(SecurityContextHolderFilter.java:69) ~[spring-security-web-6.2.4.jar:6.2.4]
	at org.springframework.security.web.ObservationFilterChainDecorator$ObservationFilter.wrapFilter(ObservationFilterChainDecorator.java:240) ~[spring-security-web-6.2.4.jar:6.2.4]
	at org.springframework.security.web.ObservationFilterChainDecorator$ObservationFilter.doFilter(ObservationFilterChainDecorator.java:227) ~[spring-security-web-6.2.4.jar:6.2.4]
	at org.springframework.security.web.ObservationFilterChainDecorator$VirtualFilterChain.doFilter(ObservationFilterChainDecorator.java:137) ~[spring-security-web-6.2.4.jar:6.2.4]
	at org.springframework.security.web.context.request.async.WebAsyncManagerIntegrationFilter.doFilterInternal(WebAsyncManagerIntegrationFilter.java:62) ~[spring-security-web-6.2.4.jar:6.2.4]
	at org.springframework.web.filter.OncePerRequestFilter.doFilter(OncePerRequestFilter.java:116) ~[spring-web-6.1.6.jar:6.1.6]
	at org.springframework.security.web.ObservationFilterChainDecorator$ObservationFilter.wrapFilter(ObservationFilterChainDecorator.java:240) ~[spring-security-web-6.2.4.jar:6.2.4]
	at org.springframework.security.web.ObservationFilterChainDecorator$ObservationFilter.doFilter(ObservationFilterChainDecorator.java:227) ~[spring-security-web-6.2.4.jar:6.2.4]
	at org.springframework.security.web.ObservationFilterChainDecorator$VirtualFilterChain.doFilter(ObservationFilterChainDecorator.java:137) ~[spring-security-web-6.2.4.jar:6.2.4]
	at org.springframework.security.web.session.DisableEncodeUrlFilter.doFilterInternal(DisableEncodeUrlFilter.java:42) ~[spring-security-web-6.2.4.jar:6.2.4]
	at org.springframework.web.filter.OncePerRequestFilter.doFilter(OncePerRequestFilter.java:116) ~[spring-web-6.1.6.jar:6.1.6]
	at org.springframework.security.web.ObservationFilterChainDecorator$ObservationFilter.wrapFilter(ObservationFilterChainDecorator.java:240) ~[spring-security-web-6.2.4.jar:6.2.4]
	at org.springframework.security.web.ObservationFilterChainDecorator$AroundFilterObservation$SimpleAroundFilterObservation.lambda$wrap$0(ObservationFilterChainDecorator.java:323) ~[spring-security-web-6.2.4.jar:6.2.4]
	at org.springframework.security.web.ObservationFilterChainDecorator$ObservationFilter.doFilter(ObservationFilterChainDecorator.java:224) ~[spring-security-web-6.2.4.jar:6.2.4]
	at org.springframework.security.web.ObservationFilterChainDecorator$VirtualFilterChain.doFilter(ObservationFilterChainDecorator.java:137) ~[spring-security-web-6.2.4.jar:6.2.4]
	at org.springframework.security.web.FilterChainProxy.doFilterInternal(FilterChainProxy.java:233) ~[spring-security-web-6.2.4.jar:6.2.4]
	at org.springframework.security.web.FilterChainProxy.doFilter(FilterChainProxy.java:191) ~[spring-security-web-6.2.4.jar:6.2.4]
	at org.springframework.web.filter.CompositeFilter$VirtualFilterChain.doFilter(CompositeFilter.java:113) ~[spring-web-6.1.6.jar:6.1.6]
	at org.springframework.web.servlet.handler.HandlerMappingIntrospector.lambda$createCacheFilter$3(HandlerMappingIntrospector.java:195) ~[spring-webmvc-6.1.6.jar:6.1.6]
	at org.springframework.web.filter.CompositeFilter$VirtualFilterChain.doFilter(CompositeFilter.java:113) ~[spring-web-6.1.6.jar:6.1.6]
	at org.springframework.web.filter.CompositeFilter.doFilter(CompositeFilter.java:74) ~[spring-web-6.1.6.jar:6.1.6]
	at org.springframework.security.config.annotation.web.configuration.WebMvcSecurityConfiguration$CompositeFilterChainProxy.doFilter(WebMvcSecurityConfiguration.java:230) ~[spring-security-config-6.2.4.jar:6.2.4]
	at org.springframework.web.filter.DelegatingFilterProxy.invokeDelegate(DelegatingFilterProxy.java:352) ~[spring-web-6.1.6.jar:6.1.6]
	at org.springframework.web.filter.DelegatingFilterProxy.doFilter(DelegatingFilterProxy.java:268) ~[spring-web-6.1.6.jar:6.1.6]
	at org.apache.catalina.core.ApplicationFilterChain.internalDoFilter(ApplicationFilterChain.java:175) ~[tomcat-embed-core-10.1.20.jar:10.1.20]
	at org.apache.catalina.core.ApplicationFilterChain.doFilter(ApplicationFilterChain.java:150) ~[tomcat-embed-core-10.1.20.jar:10.1.20]
	at org.springframework.web.filter.RequestContextFilter.doFilterInternal(RequestContextFilter.java:100) ~[spring-web-6.1.6.jar:6.1.6]
	at org.springframework.web.filter.OncePerRequestFilter.doFilter(OncePerRequestFilter.java:116) ~[spring-web-6.1.6.jar:6.1.6]
	at org.apache.catalina.core.ApplicationFilterChain.internalDoFilter(ApplicationFilterChain.java:175) ~[tomcat-embed-core-10.1.20.jar:10.1.20]
	at org.apache.catalina.core.ApplicationFilterChain.doFilter(ApplicationFilterChain.java:150) ~[tomcat-embed-core-10.1.20.jar:10.1.20]
	at org.springframework.web.filter.FormContentFilter.doFilterInternal(FormContentFilter.java:93) ~[spring-web-6.1.6.jar:6.1.6]
	at org.springframework.web.filter.OncePerRequestFilter.doFilter(OncePerRequestFilter.java:116) ~[spring-web-6.1.6.jar:6.1.6]
	at org.apache.catalina.core.ApplicationFilterChain.internalDoFilter(ApplicationFilterChain.java:175) ~[tomcat-embed-core-10.1.20.jar:10.1.20]
	at org.apache.catalina.core.ApplicationFilterChain.doFilter(ApplicationFilterChain.java:150) ~[tomcat-embed-core-10.1.20.jar:10.1.20]
	at org.springframework.web.filter.ServerHttpObservationFilter.doFilterInternal(ServerHttpObservationFilter.java:109) ~[spring-web-6.1.6.jar:6.1.6]
	at org.springframework.web.filter.OncePerRequestFilter.doFilter(OncePerRequestFilter.java:116) ~[spring-web-6.1.6.jar:6.1.6]
	at org.apache.catalina.core.ApplicationFilterChain.internalDoFilter(ApplicationFilterChain.java:175) ~[tomcat-embed-core-10.1.20.jar:10.1.20]
	at org.apache.catalina.core.ApplicationFilterChain.doFilter(ApplicationFilterChain.java:150) ~[tomcat-embed-core-10.1.20.jar:10.1.20]
	at org.springframework.web.filter.CharacterEncodingFilter.doFilterInternal(CharacterEncodingFilter.java:201) ~[spring-web-6.1.6.jar:6.1.6]
	at org.springframework.web.filter.OncePerRequestFilter.doFilter(OncePerRequestFilter.java:116) ~[spring-web-6.1.6.jar:6.1.6]
	at org.apache.catalina.core.ApplicationFilterChain.internalDoFilter(ApplicationFilterChain.java:175) ~[tomcat-embed-core-10.1.20.jar:10.1.20]
	at org.apache.catalina.core.ApplicationFilterChain.doFilter(ApplicationFilterChain.java:150) ~[tomcat-embed-core-10.1.20.jar:10.1.20]
	at org.apache.catalina.core.StandardWrapperValve.invoke(StandardWrapperValve.java:167) ~[tomcat-embed-core-10.1.20.jar:10.1.20]
	at org.apache.catalina.core.StandardContextValve.invoke(StandardContextValve.java:90) ~[tomcat-embed-core-10.1.20.jar:10.1.20]
	at org.apache.catalina.authenticator.AuthenticatorBase.invoke(AuthenticatorBase.java:482) ~[tomcat-embed-core-10.1.20.jar:10.1.20]
	at org.apache.catalina.core.StandardHostValve.invoke(StandardHostValve.java:115) ~[tomcat-embed-core-10.1.20.jar:10.1.20]
	at org.apache.catalina.valves.ErrorReportValve.invoke(ErrorReportValve.java:93) ~[tomcat-embed-core-10.1.20.jar:10.1.20]
	at org.apache.catalina.core.StandardEngineValve.invoke(StandardEngineValve.java:74) ~[tomcat-embed-core-10.1.20.jar:10.1.20]
	at org.apache.catalina.connector.CoyoteAdapter.service(CoyoteAdapter.java:344) ~[tomcat-embed-core-10.1.20.jar:10.1.20]
	at org.apache.coyote.http11.Http11Processor.service(Http11Processor.java:391) ~[tomcat-embed-core-10.1.20.jar:10.1.20]
	at org.apache.coyote.AbstractProcessorLight.process(AbstractProcessorLight.java:63) ~[tomcat-embed-core-10.1.20.jar:10.1.20]
	at org.apache.coyote.AbstractProtocol$ConnectionHandler.process(AbstractProtocol.java:896) ~[tomcat-embed-core-10.1.20.jar:10.1.20]
	at org.apache.tomcat.util.net.NioEndpoint$SocketProcessor.doRun(NioEndpoint.java:1736) ~[tomcat-embed-core-10.1.20.jar:10.1.20]
	at org.apache.tomcat.util.net.SocketProcessorBase.run(SocketProcessorBase.java:52) ~[tomcat-embed-core-10.1.20.jar:10.1.20]
	at org.apache.tomcat.util.threads.ThreadPoolExecutor.runWorker(ThreadPoolExecutor.java:1191) ~[tomcat-embed-core-10.1.20.jar:10.1.20]
	at org.apache.tomcat.util.threads.ThreadPoolExecutor$Worker.run(ThreadPoolExecutor.java:659) ~[tomcat-embed-core-10.1.20.jar:10.1.20]
	at org.apache.tomcat.util.threads.TaskThread$WrappingRunnable.run(TaskThread.java:63) ~[tomcat-embed-core-10.1.20.jar:10.1.20]
	at java.base/java.lang.Thread.run(Thread.java:840) ~[na:na]

2026-05-19T00:37:20.010+05:30  INFO 16004 --- [regulatory-change-management-backend] [scheduling-1] c.i.t.scheduler.NotificationScheduler    : Running daily overdue reminder job...
2026-05-19T00:37:20.010+05:30  INFO 16004 --- [regulatory-change-management-backend] [scheduling-1] c.i.t.scheduler.NotificationScheduler    : Finished processing 0 overdue items.
2026-05-19T00:37:20.010+05:30  INFO 16004 --- [regulatory-change-management-backend] [scheduling-1] c.i.t.scheduler.NotificationScheduler    : Running advance deadline alert job...
2026-05-19T00:37:20.010+05:30  INFO 16004 --- [regulatory-change-management-backend] [scheduling-1] c.i.t.scheduler.NotificationScheduler    : Finished processing 0 upcoming items.
2026-05-19T00:37:30.004+05:30  INFO 16004 --- [regulatory-change-management-backend] [scheduling-1] c.i.t.scheduler.NotificationScheduler    : Running daily overdue reminder job...
2026-05-19T00:37:30.004+05:30  INFO 16004 --- [regulatory-change-management-backend] [scheduling-1] c.i.t.scheduler.NotificationScheduler    : Finished processing 0 overdue items.
2026-05-19T00:37:30.004+05:30  INFO 16004 --- [regulatory-change-management-backend] [scheduling-1] c.i.t.scheduler.NotificationScheduler    : Running advance deadline alert job...
2026-05-19T00:37:30.011+05:30  INFO 16004 --- [regulatory-change-management-backend] [scheduling-1] c.i.t.scheduler.NotificationScheduler    : Finished processing 0 upcoming items.
2026-05-19T00:37:40.007+05:30  INFO 16004 --- [regulatory-change-management-backend] [scheduling-1] c.i.t.scheduler.NotificationScheduler    : Running advance deadline alert job...
2026-05-19T00:37:40.007+05:30  INFO 16004 --- [regulatory-change-management-backend] [scheduling-1] c.i.t.scheduler.NotificationScheduler    : Finished processing 0 upcoming items.
2026-05-19T00:37:40.007+05:30  INFO 16004 --- [regulatory-change-management-backend] [scheduling-1] c.i.t.scheduler.NotificationScheduler    : Running daily overdue reminder job...
2026-05-19T00:37:40.007+05:30  INFO 16004 --- [regulatory-change-management-backend] [scheduling-1] c.i.t.scheduler.NotificationScheduler    : Finished processing 0 overdue items.
2026-05-19T00:37:50.009+05:30  INFO 16004 --- [regulatory-change-management-backend] [scheduling-1] c.i.t.scheduler.NotificationScheduler    : Running advance deadline alert job...
2026-05-19T00:37:50.009+05:30  INFO 16004 --- [regulatory-change-management-backend] [scheduling-1] c.i.t.scheduler.NotificationScheduler    : Finished processing 0 upcoming items.
2026-05-19T00:37:50.009+05:30  INFO 16004 --- [regulatory-change-management-backend] [scheduling-1] c.i.t.scheduler.NotificationScheduler    : Running daily overdue reminder job...
2026-05-19T00:37:50.009+05:30  INFO 16004 --- [regulatory-change-management-backend] [scheduling-1] c.i.t.scheduler.NotificationScheduler    : Finished processing 0 overdue items.
2026-05-19T00:38:00.014+05:30  INFO 16004 --- [regulatory-change-management-backend] [scheduling-1] c.i.t.scheduler.NotificationScheduler    : Running advance deadline alert job...
2026-05-19T00:38:00.019+05:30  INFO 16004 --- [regulatory-change-management-backend] [scheduling-1] c.i.t.scheduler.NotificationScheduler    : Finished processing 0 upcoming items.
2026-05-19T00:38:00.019+05:30  INFO 16004 --- [regulatory-change-management-backend] [scheduling-1] c.i.t.scheduler.NotificationScheduler    : Running daily overdue reminder job...
2026-05-19T00:38:00.019+05:30  INFO 16004 --- [regulatory-change-management-backend] [scheduling-1] c.i.t.scheduler.NotificationScheduler    : Finished processing 0 overdue items.
